-- phpMyAdmin SQL Dump
-- version 5.1.1
-- https://www.phpmyadmin.net/
--
-- Host: 127.0.0.1
-- Generation Time: Aug 04, 2023 at 02:24 PM
-- Server version: 10.4.22-MariaDB
-- PHP Version: 7.4.27

SET SQL_MODE = "NO_AUTO_VALUE_ON_ZERO";
START TRANSACTION;
SET time_zone = "+00:00";


/*!40101 SET @OLD_CHARACTER_SET_CLIENT=@@CHARACTER_SET_CLIENT */;
/*!40101 SET @OLD_CHARACTER_SET_RESULTS=@@CHARACTER_SET_RESULTS */;
/*!40101 SET @OLD_COLLATION_CONNECTION=@@COLLATION_CONNECTION */;
/*!40101 SET NAMES utf8mb4 */;

--
-- Database: `hcms_db`
--

-- --------------------------------------------------------

--
-- Table structure for table `appointment`
--

CREATE TABLE `appointment` (
  `id` int(11) NOT NULL,
  `name` varchar(255) COLLATE utf8_unicode_ci NOT NULL,
  `service` varchar(100) COLLATE utf8_unicode_ci NOT NULL,
  `date` date NOT NULL,
  `time` time NOT NULL,
  `mob_num` varchar(20) COLLATE utf8_unicode_ci NOT NULL,
  `concerns` text COLLATE utf8_unicode_ci NOT NULL,
  `status` varchar(50) COLLATE utf8_unicode_ci NOT NULL,
  `apt_name` text COLLATE utf8_unicode_ci NOT NULL,
  `apt_id` varchar(45) COLLATE utf8_unicode_ci NOT NULL,
  `comment` varchar(255) COLLATE utf8_unicode_ci NOT NULL,
  `created_at` datetime NOT NULL DEFAULT current_timestamp()
) ENGINE=InnoDB DEFAULT CHARSET=utf8 COLLATE=utf8_unicode_ci;

--
-- Dumping data for table `appointment`
--

INSERT INTO `appointment` (`id`, `name`, `service`, `date`, `time`, `mob_num`, `concerns`, `status`, `apt_name`, `apt_id`, `comment`, `created_at`) VALUES
(1, '1', 'Sample', '2023-04-21', '20:26:32', '', '', 'No Show', '', '', '', '2023-04-12 18:33:09'),
(2, '1', 'Sample', '2023-04-21', '20:26:32', '', '', 'Completed', '', '', '', '2023-04-12 18:33:09'),
(3, '1', 'Sample', '2023-04-21', '20:26:32', '', '', 'Completed', '', '', '', '2023-04-12 18:33:09'),
(4, '1', 'Sample', '2023-04-21', '20:26:32', '', '', 'Canceled', '', '', '', '2023-04-12 18:33:09'),
(5, '1', 'Sample', '2023-04-21', '20:26:32', '', '', 'Pending', '', '', '', '2023-04-12 18:33:09'),
(6, 'Sample name', 'Emergency Care', '2023-04-21', '10:00:00', '09123456789', '', 'Completed', '', '', '', '2023-04-12 18:34:11'),
(7, 'Dili kokabalo', 'Behavioral Counseling', '2023-04-30', '11:00:00', '09123456789', '', 'Pending', '', '', '', '2023-04-28 15:32:30'),
(8, 'Dili kokabalo', 'Dental care', '2023-05-24', '11:11:00', '09123456789', 'sample other concerns', 'Scheduled', '', '', '', '2023-04-28 15:38:43'),
(10, 'Dili kokabalo', 'Diagnostic and Therapeutic Services\r\n                                                               ', '2023-05-01', '11:11:00', '09123456789', 'asdgaczxczx', 'Pending', '15', '', '', '2023-04-28 20:59:58'),
(11, 'Dili kokabalo', 'Dietary Counseling', '2023-06-02', '02:10:00', '09123456789', 'eqweqweqweqeqw', 'Pending', ' ', '', '', '2023-05-03 21:05:08'),
(12, 'Dili kokabalo', 'Dental care', '2023-05-24', '02:18:00', '09123456789', 'adadada', 'Scheduled', 'User One', '', 'masakit sobra', '2023-05-03 21:14:52'),
(13, 'Dili kokabalo', 'Dietary Counseling', '2023-06-09', '00:19:00', '09123456789', 'asdasfas', 'Canceled', 'User One', '', '', '2023-05-03 21:16:53'),
(14, 'Allen Christopher Aduan', 'Dental care', '2023-08-01', '11:15:00', '', '', 'Scheduled', '', '', '', '2023-07-24 19:07:13'),
(16, 'Mikai Yondai Honda', 'Dental care', '2023-07-31', '10:00:00', '09715266552', 'TESTING LANG TO', 'Pending', '', '22', '', '2023-07-25 20:08:09');

-- --------------------------------------------------------

--
-- Table structure for table `audit_trail`
--

CREATE TABLE `audit_trail` (
  `id` int(20) NOT NULL,
  `ip_address` varchar(11) COLLATE utf8_unicode_ci NOT NULL,
  `emp_id` int(20) NOT NULL,
  `user_activity` varchar(255) COLLATE utf8_unicode_ci NOT NULL,
  `details` varchar(255) COLLATE utf8_unicode_ci NOT NULL,
  `date` date NOT NULL,
  `time` time NOT NULL
) ENGINE=InnoDB DEFAULT CHARSET=utf8 COLLATE=utf8_unicode_ci;

--
-- Dumping data for table `audit_trail`
--

INSERT INTO `audit_trail` (`id`, `ip_address`, `emp_id`, `user_activity`, `details`, `date`, `time`) VALUES
(1, '::1', 1, 'Successfully logout', 'Successfully logout', '2023-03-10', '14:50:36'),
(2, '::1', 1, 'Successfully login', 'Successfully login', '2023-03-10', '14:50:37'),
(3, '::1', 1, 'Successfully logout', 'Successfully logout', '2023-03-10', '14:51:23'),
(4, '::1', 1, 'Successfully login', 'Successfully login', '2023-03-10', '14:56:13'),
(5, '::1', 1, 'Update User\'s Information', 'Update user information with name \'Admin One\', id \'1\'', '2023-03-10', '15:32:42'),
(6, '::1', 1, 'Successfully logout', 'Successfully logout', '2023-03-10', '15:52:40'),
(7, '::1', 1, 'Successfully login', 'Successfully login', '2023-03-10', '15:52:41'),
(8, '::1', 1, 'Add User', 'Add user named \'Doctor One\', id \'14\'', '2023-03-11', '10:21:20'),
(9, '::1', 1, 'Successfully logout', 'Successfully logout', '2023-03-11', '10:23:15'),
(10, '::1', 14, 'Successfully login', 'Successfully login', '2023-03-11', '10:23:25'),
(11, '::1', 14, 'Login was not successful', 'Inactive user was trying to log-in', '2023-03-11', '10:23:25'),
(12, '::1', 1, 'Successfully login', 'Successfully login', '2023-03-11', '10:24:39'),
(13, '::1', 1, 'Update User Status', 'Employee name \'Doctor One\', id \'14\', changed user status to \'Active\'', '2023-03-11', '10:24:45'),
(14, '::1', 1, 'Successfully logout', 'Successfully logout', '2023-03-11', '10:24:49'),
(15, '::1', 14, 'Successfully login', 'Successfully login', '2023-03-11', '10:24:57'),
(16, '::1', 14, 'Successfully login', 'Successfully login', '2023-03-11', '10:25:25'),
(17, '::1', 1, 'Successfully login', 'Successfully login', '2023-03-11', '10:26:22'),
(18, '::1', 1, 'Update User\'s Information', 'Update user information with name \'Doctor One\', id \'14\'', '2023-03-11', '10:31:41'),
(19, '::1', 1, 'Successfully logout', 'Successfully logout', '2023-03-11', '10:31:45'),
(20, '::1', 14, 'Successfully login', 'Successfully login', '2023-03-11', '10:31:52'),
(21, '::1', 14, 'Successfully logout', 'Successfully logout', '2023-03-11', '10:32:06'),
(22, '::1', 15, 'Successfully login', 'Successfully login', '2023-03-11', '10:50:52'),
(23, '::1', 15, 'Login was not successful', 'Inactive user was trying to log-in', '2023-03-11', '10:50:52'),
(24, '::1', 1, 'Successfully login', 'Successfully login', '2023-03-11', '10:54:04'),
(25, '::1', 1, 'Update User Status', 'Employee name \'User One\', id \'15\', changed user status to \'Inactive\'', '2023-03-11', '11:16:24'),
(26, '::1', 1, 'Update User Status', 'Employee name \'User One\', id \'15\', changed user status to \'Active\'', '2023-03-11', '11:16:28'),
(27, '::1', 1, 'Add User', 'Add user named \'Nurse One\', id \'16\'', '2023-03-11', '11:31:18'),
(28, '::1', 1, 'Update User Status', 'Employee name \'Nurse One\', id \'16\', changed user status to \'Active\'', '2023-03-11', '11:31:26'),
(29, '::1', 1, 'Add User', 'Add user named \'Staff One\', id \'17\'', '2023-03-11', '11:34:03'),
(30, '::1', 1, 'Update User Status', 'Employee name \'Staff One\', id \'17\', changed user status to \'Active\'', '2023-03-11', '11:34:10'),
(31, '::1', 1, 'Successfully logout', 'Successfully logout', '2023-03-12', '14:08:56'),
(32, '::1', 17, 'Successfully login', 'Successfully login', '2023-03-12', '14:09:00'),
(33, '::1', 17, 'Successfully logout', 'Successfully logout', '2023-03-12', '14:09:17'),
(34, '::1', 1, 'Successfully login', 'Successfully login', '2023-03-12', '14:09:29'),
(35, '::1', 1, 'Successfully logout', 'Successfully logout', '2023-03-13', '09:31:47'),
(36, '::1', 14, 'Successfully login', 'Successfully login', '2023-03-13', '09:31:49'),
(37, '::1', 14, 'Successfully logout', 'Successfully logout', '2023-03-13', '09:32:13'),
(38, '::1', 15, 'Successfully login', 'Successfully login', '2023-03-13', '09:32:16'),
(39, '::1', 15, 'Successfully logout', 'Successfully logout', '2023-03-13', '09:32:19'),
(40, '::1', 1, 'Successfully login', 'Successfully login', '2023-03-13', '09:32:22'),
(41, '::1', 1, 'Add Stock', 'Added new \'5\' stock for the product name \'Zeniquin\', id \'38\'', '2023-03-13', '11:07:14'),
(42, '::1', 1, 'Add Stock', 'Added new \'20\' stock for the product name \'Zeniquin\', id \'38\'', '2023-03-13', '11:09:13'),
(43, '::1', 1, 'Generate audit trail', 'Generate audit trail, from \'2023-03-01\' to \'2023-03-13\'', '2023-03-13', '11:54:30'),
(44, '::1', 1, 'Generate audit trail', 'Generate audit trail, from \'2023-03-01\' to \'2023-03-13\'', '2023-03-13', '11:54:55'),
(45, '::1', 1, 'Generate audit trail', 'Generate audit trail, from \'2023-03-01\' to \'2023-03-13\'', '2023-03-13', '11:55:59'),
(46, '::1', 1, 'Generate audit trail', 'Generate audit trail, from \'2023-03-01\' to \'2023-03-13\'', '2023-03-13', '11:56:39'),
(47, '::1', 1, 'Generate audit trail', 'Generate audit trail, from \'2023-03-01\' to \'2023-03-13\'', '2023-03-13', '11:57:17'),
(48, '::1', 1, 'Generate audit trail', 'Generate audit trail, from \'2023-03-01\' to \'2023-03-13\'', '2023-03-13', '11:58:33'),
(49, '::1', 1, 'Generate audit trail', 'Generate audit trail, from \'2023-03-01\' to \'2023-03-13\'', '2023-03-13', '11:58:48'),
(50, '::1', 1, 'Generate audit trail', 'Generate audit trail, from ', '2023-03-13', '12:08:45'),
(51, '::1', 1, 'Generate audit trail', 'Generate audit trail, from \'2023-03-01\' to \'2023-03-13\'', '2023-03-13', '12:09:43'),
(52, '::1', 1, 'Generate audit trail', 'Generate audit trail, from \'2023-03-01\' to \'2023-03-13\'', '2023-03-13', '12:12:08'),
(53, '::1', 1, 'Generate audit trail', 'Generate audit trail, from \'2023-03-01\' to \'2023-03-13\'', '2023-03-13', '12:16:22'),
(54, '::1', 1, 'Generate audit trail', 'Generate audit trail, from \'2023-03-01\' to \'2023-03-13\'', '2023-03-13', '12:17:03'),
(55, '::1', 1, 'Generate audit trail', 'Generate audit trail, from \'2023-03-01\' to \'2023-03-13\'', '2023-03-13', '12:17:26'),
(56, '::1', 1, 'Generate audit trail', 'Generate audit trail, from \'2023-03-01\' to \'2023-03-13\'', '2023-03-13', '13:50:32'),
(57, '::1', 1, 'Add Product', 'Added Product named \'Asdas\', id \'0\'', '2023-03-13', '17:48:37'),
(58, '::1', 1, 'Add Stock', 'Added new \'12\' stock for the product name \'Productsample\', id \'67\'', '2023-03-13', '18:11:46'),
(59, '::1', 1, 'Generate audit trail', 'Generate audit trail, from \'2023-02-01\' to \'2023-03-31\'', '2023-03-13', '18:18:57'),
(60, '::1', 1, 'Successfully logout', 'Successfully logout', '2023-03-13', '18:19:51'),
(61, '::1', 15, 'Successfully login', 'Successfully login', '2023-03-13', '18:19:59'),
(62, '::1', 15, 'Successfully logout', 'Successfully logout', '2023-03-13', '18:26:22'),
(63, '::1', 15, 'Successfully login', 'Successfully login', '2023-03-13', '18:26:24'),
(64, '::1', 15, 'Successfully logout', 'Successfully logout', '2023-03-13', '19:18:02'),
(65, '::1', 15, 'Successfully login', 'Successfully login', '2023-03-13', '19:18:05'),
(66, '::1', 15, 'Successfully logout', 'Successfully logout', '2023-03-13', '19:18:09'),
(67, '::1', 1, 'Successfully login', 'Successfully login', '2023-03-13', '19:18:12'),
(68, '::1', 1, 'Successfully logout', 'Successfully logout', '2023-03-13', '19:28:12'),
(69, '::1', 15, 'Successfully login', 'Successfully login', '2023-03-13', '19:28:15'),
(70, '::1', 15, 'Successfully logout', 'Successfully logout', '2023-03-13', '19:50:23'),
(71, '::1', 1, 'Successfully login', 'Successfully login', '2023-03-13', '19:50:26'),
(72, '::1', 1, 'Successfully logout', 'Successfully logout', '2023-03-13', '19:51:59'),
(73, '::1', 15, 'Successfully login', 'Successfully login', '2023-03-13', '19:52:03'),
(74, '::1', 15, 'Successfully logout', 'Successfully logout', '2023-03-13', '19:57:04'),
(75, '::1', 15, 'Successfully login', 'Successfully login', '2023-03-13', '19:57:05'),
(76, '::1', 15, 'Successfully logout', 'Successfully logout', '2023-03-13', '20:01:31'),
(77, '::1', 1, 'Successfully login', 'Successfully login', '2023-03-13', '20:01:33'),
(78, '::1', 1, 'Successfully logout', 'Successfully logout', '2023-03-13', '20:13:40'),
(79, '::1', 14, 'Successfully login', 'Successfully login', '2023-03-13', '20:13:43'),
(80, '::1', 14, 'Successfully logout', 'Successfully logout', '2023-03-13', '20:32:06'),
(81, '::1', 1, 'Successfully login', 'Successfully login', '2023-03-13', '20:32:08'),
(82, '::1', 1, 'Successfully logout', 'Successfully logout', '2023-03-13', '20:33:22'),
(83, '::1', 14, 'Successfully login', 'Successfully login', '2023-03-13', '20:33:25'),
(84, '::1', 14, 'Successfully logout', 'Successfully logout', '2023-03-13', '20:33:28'),
(85, '::1', 16, 'Successfully login', 'Successfully login', '2023-03-13', '20:33:31'),
(86, '::1', 16, 'Successfully logout', 'Successfully logout', '2023-03-13', '20:33:34'),
(87, '::1', 17, 'Successfully login', 'Successfully login', '2023-03-13', '20:33:37'),
(88, '::1', 17, 'Successfully logout', 'Successfully logout', '2023-03-13', '20:33:40'),
(89, '::1', 15, 'Successfully login', 'Successfully login', '2023-03-13', '20:33:42'),
(90, '::1', 15, 'Successfully logout', 'Successfully logout', '2023-03-13', '20:34:01'),
(91, '::1', 1, 'Successfully login', 'Successfully login', '2023-03-13', '20:34:06'),
(92, '::1', 1, 'Generate audit trail', 'Generate audit trail, from \'2023-03-06\' to \'2023-03-10\'', '2023-03-13', '20:43:16'),
(93, '::1', 1, 'Successfully logout', 'Successfully logout', '2023-03-13', '20:48:07'),
(94, '::1', 14, 'Successfully login', 'Successfully login', '2023-03-13', '20:48:09'),
(95, '::1', 14, 'Successfully logout', 'Successfully logout', '2023-03-13', '20:48:38'),
(96, '::1', 1, 'Successfully login', 'Successfully login', '2023-03-13', '20:48:40'),
(97, '::1', 1, 'Successfully login', 'Successfully login', '2023-04-08', '00:37:51'),
(98, '::1', 1, 'Successfully login', 'Successfully login', '2023-04-12', '13:55:47'),
(99, '::1', 1, 'Add User', 'Add user named \'Midwife One\', id \'18\'', '2023-04-12', '14:07:59'),
(100, '::1', 1, 'Successfully logout', 'Successfully logout', '2023-04-12', '14:08:15'),
(101, '::1', 18, 'Successfully login', 'Successfully login', '2023-04-12', '14:08:17'),
(102, '::1', 18, 'Login was not successful', 'Inactive user was trying to log-in', '2023-04-12', '14:08:18'),
(103, '::1', 1, 'Successfully login', 'Successfully login', '2023-04-12', '14:08:33'),
(104, '::1', 1, 'Update User Status', 'Employee name \'Midwife One\', id \'18\', changed user status to \'Active\'', '2023-04-12', '14:08:37'),
(105, '::1', 1, 'Successfully logout', 'Successfully logout', '2023-04-12', '14:08:40'),
(106, '::1', 18, 'Successfully login', 'Successfully login', '2023-04-12', '14:08:43'),
(107, '::1', 18, 'Add User', 'Add child named \'Child Child\', id \'20\'', '2023-04-12', '14:37:03'),
(108, '::1', 18, 'Successfully logout', 'Successfully logout', '2023-04-12', '14:40:53'),
(109, '::1', 1, 'Successfully login', 'Successfully login', '2023-04-12', '14:40:56'),
(110, '::1', 1, 'Successfully logout', 'Successfully logout', '2023-04-12', '14:41:11'),
(111, '::1', 18, 'Successfully login', 'Successfully login', '2023-04-12', '14:41:14'),
(112, '::1', 18, 'Successfully logout', 'Successfully logout', '2023-04-12', '16:45:34'),
(113, '::1', 15, 'Successfully login', 'Successfully login', '2023-04-12', '16:45:57'),
(114, '::1', 15, 'Generate audit trail', 'Generate audit trail, from \'2023-04-01\' to \'2023-04-30\'', '2023-04-12', '17:54:51'),
(115, '::1', 15, 'Generate audit trail', 'Generate audit trail, from \'2023-04-01\' to \'2023-04-30\'', '2023-04-12', '17:55:24'),
(116, '::1', 15, 'Generate audit trail', 'Generate audit trail, from \'2023-04-01\' to \'2023-04-30\'', '2023-04-12', '17:55:39'),
(117, '::1', 15, 'Generate audit trail', 'Generate audit trail, from \'2023-04-01\' to \'2023-04-30\'', '2023-04-12', '17:56:16'),
(118, '::1', 15, 'Generate audit trail', 'Generate audit trail, from \'2023-04-01\' to \'2023-04-30\'', '2023-04-12', '17:56:47'),
(119, '::1', 15, 'Generate audit trail', 'Generate audit trail, from \'2023-04-01\' to \'2023-04-30\'', '2023-04-12', '18:01:55'),
(120, '::1', 15, 'Create appointment', 'Create appointment named \'Sample name\', id \'6\'', '2023-04-12', '18:34:11'),
(121, '::1', 15, 'Successfully logout', 'Successfully logout', '2023-04-12', '18:34:26'),
(122, '::1', 1, 'Successfully login', 'Successfully login', '2023-04-12', '18:34:28'),
(123, '::1', 1, 'Update appointment status', 'Appointment id \'6\' was successfully changed to \'Completed\'', '2023-04-12', '18:48:01'),
(124, '::1', 1, 'Successfully logout', 'Successfully logout', '2023-04-12', '18:48:07'),
(125, '::1', 15, 'Successfully login', 'Successfully login', '2023-04-12', '18:48:09'),
(126, '::1', 15, 'Successfully logout', 'Successfully logout', '2023-04-12', '18:49:39'),
(127, '::1', 1, 'Successfully login', 'Successfully login', '2023-04-12', '18:49:41'),
(128, '::1', 1, 'Add User', 'Add user named \'Health  Worker\', id \'19\'', '2023-04-12', '18:50:55'),
(129, '::1', 1, 'Update User Status', 'Employee name \'Health  Worker\', id \'19\', changed user status to \'Active\'', '2023-04-12', '18:51:52'),
(130, '::1', 1, 'Successfully logout', 'Successfully logout', '2023-04-12', '18:51:55'),
(131, '::1', 19, 'Successfully login', 'Successfully login', '2023-04-12', '18:51:58'),
(132, '::1', 19, 'Generate audit trail', 'Generate audit trail, from \'2023-04-01\' to \'2023-04-30\'', '2023-04-12', '19:07:45'),
(133, '::1', 1, 'Successfully login', 'Successfully login', '2023-04-27', '22:34:54'),
(134, '::1', 1, 'Successfully logout', 'Successfully logout', '2023-04-27', '22:35:17'),
(135, '::1', 15, 'Successfully login', 'Successfully login', '2023-04-27', '22:35:25'),
(136, '::1', 15, 'Successfully logout', 'Successfully logout', '2023-04-27', '22:37:21'),
(137, '::1', 1, 'Successfully login', 'Successfully login', '2023-04-27', '22:37:23'),
(138, '::1', 1, 'Successfully logout', 'Successfully logout', '2023-04-28', '15:32:08'),
(139, '::1', 15, 'Successfully login', 'Successfully login', '2023-04-28', '15:32:11'),
(140, '::1', 15, 'Create appointment', 'Create appointment named \'Dili kokabalo\', id \'7\'', '2023-04-28', '15:32:30'),
(141, '::1', 15, 'Create appointment', 'Create appointment named \'Dili kokabalo\', id \'8\'', '2023-04-28', '15:38:44'),
(142, '::1', 15, 'Generate audit trail', 'Generate audit trail, from \'2023-04-01\' to \'2023-04-28\'', '2023-04-28', '17:37:01'),
(143, '::1', 15, 'Generate audit trail', 'Generate audit trail, from \'2023-04-01\' to \'2023-04-28\'', '2023-04-28', '17:43:48'),
(144, '::1', 15, 'Generate audit trail', 'Generate audit trail, from \'2023-04-01\' to \'2023-04-28\'', '2023-04-28', '17:48:24'),
(145, '::1', 15, 'Generate audit trail', 'Generate audit trail, from \'2023-04-01\' to \'2023-04-28\'', '2023-04-28', '17:50:37'),
(146, '::1', 15, 'Generate audit trail', 'Generate audit trail, from \'2023-04-01\' to \'2023-04-28\'', '2023-04-28', '17:50:47'),
(147, '::1', 15, 'Generate audit trail', 'Generate audit trail, from \'2023-04-01\' to \'2023-04-28\'', '2023-04-28', '17:54:34'),
(148, '::1', 15, 'Generate audit trail', 'Generate audit trail, from \'2023-04-01\' to \'2023-04-28\'', '2023-04-28', '20:49:38'),
(149, '::1', 15, 'Generate audit trail', 'Generate audit trail, from \'2023-04-01\' to \'2023-04-28\'', '2023-04-28', '20:50:45'),
(150, '::1', 15, 'Create appointment', 'Create appointment named \'Dili kokabalo\', id \'9\'', '2023-04-28', '20:58:17'),
(151, '::1', 15, 'Create appointment', 'Create appointment named \'Dili kokabalo\', id \'10\'', '2023-04-28', '20:59:58'),
(152, '::1', 15, 'Successfully logout', 'Successfully logout', '2023-04-28', '23:03:02'),
(153, '::1', 1, 'Successfully login', 'Successfully login', '2023-04-28', '23:03:05'),
(154, '::1', 1, 'Add User', 'Add child named \'Sample name Sample lname\', id \'21\'', '2023-04-28', '23:21:08'),
(155, '::1', 1, 'Generate audit trail', 'Generate audit trail, from \'2023-04-01\' to \'2023-04-30\'', '2023-04-29', '00:31:47'),
(156, '::1', 1, 'Generate appointment report', 'Generate appointment report, from \'2023-04-01\' to \'2023-04-30\'', '2023-04-29', '00:35:35'),
(157, '::1', 1, 'Generate appointment report', 'Generate appointment report, from \'2023-04-01\' to \'2023-04-30\'', '2023-04-29', '00:35:59'),
(158, '::1', 1, 'Generate appointment report', 'Generate appointment report, from \'2023-04-01\' to \'2023-04-30\'', '2023-04-29', '00:36:13'),
(159, '::1', 1, 'Generate appointment report', 'Generate appointment report, from \'2023-04-01\' to \'2023-04-30\'', '2023-04-29', '00:37:44'),
(160, '::1', 1, 'Generate appointment report', 'Generate appointment report, from \'2023-04-01\' to \'2023-04-30\'', '2023-04-29', '00:39:46'),
(161, '::1', 1, 'Generate audit trail', 'Generate audit trail, from \'2023-04-01\' to \'2023-04-29\'', '2023-04-29', '00:39:58'),
(162, '::1', 1, 'Generate audit trail', 'Generate audit trail, from \'2023-04-01\' to \'2023-04-30\'', '2023-04-29', '00:41:13'),
(163, '::1', 1, 'Generate appointment report', 'Generate appointment report, from \'2023-04-01\' to \'2023-04-29\'', '2023-04-29', '00:41:51'),
(164, '::1', 1, 'Generate inventory report', 'Generate inventory report, from \'2023-03-01\' to \'2023-03-31\'', '2023-05-01', '10:13:21'),
(165, '::1', 1, 'Generate inventory report', 'Generate inventory report, from \'2023-03-01\' to \'2023-03-31\'', '2023-05-01', '10:14:05'),
(166, '::1', 1, 'Generate inventory report', 'Generate inventory report, from \'2023-03-01\' to \'2023-03-31\'', '2023-05-01', '10:14:57'),
(167, '::1', 1, 'Generate inventory report', 'Generate inventory report, from \'2023-03-01\' to \'2023-03-31\'', '2023-05-01', '10:15:26'),
(168, '::1', 1, 'Generate inventory report', 'Generate inventory report, from \'2023-03-01\' to \'2023-03-31\'', '2023-05-01', '10:16:07'),
(169, '::1', 1, 'Generate audit trail', 'Generate audit trail, from \'2023-04-01\' to \'2023-05-01\'', '2023-05-01', '10:18:27'),
(170, '::1', 1, 'Successfully login', 'Successfully login', '2023-05-03', '15:04:40'),
(171, '::1', 1, 'Generate inventory report', 'Generate inventory report, from \'2023-02-01\' to \'2023-06-09\'', '2023-05-03', '15:05:08'),
(172, '::1', 1, 'Add Medical Record', 'Added medical record for patient name \'PTNT-0099\', id \'99\' ', '2023-05-03', '20:11:59'),
(173, '::1', 1, 'Add Medical Record', 'Added medical record for patient name \'PTNT-0099\', id \'99\' ', '2023-05-03', '20:12:19'),
(174, '::1', 1, 'Add Medical Record', 'Added medical record for patient name \'PTNT-0099\', id \'99\' ', '2023-05-03', '20:16:56'),
(175, '::1', 1, 'Add Medical Record', 'Added medical record for patient name \'PTNT-0099\', id \'99\' ', '2023-05-03', '20:18:40'),
(176, '::1', 1, 'Add Medical Record', 'Added medical record for patient name \'PTNT-0001\', id \'1\' ', '2023-05-03', '20:47:21'),
(177, '::1', 1, 'Add Medical Record', 'Added medical record for patient name \'PTNT-0002\', id \'2\' ', '2023-05-03', '20:48:47'),
(178, '::1', 1, 'Successfully logout', 'Successfully logout', '2023-05-03', '21:01:29'),
(179, '::1', 15, 'Successfully login', 'Successfully login', '2023-05-03', '21:01:31'),
(180, '::1', 15, 'Create appointment', 'Create appointment named \'Dili kokabalo\', id \'11\'', '2023-05-03', '21:05:09'),
(181, '::1', 15, 'Successfully login', 'Successfully login', '2023-05-03', '21:13:11'),
(182, '::1', 15, 'Successfully login', 'Successfully login', '2023-05-03', '21:13:55'),
(183, '::1', 15, 'Create appointment', 'Create appointment named \'Dili kokabalo\', id \'12\'', '2023-05-03', '21:14:52'),
(184, '::1', 15, 'Create appointment', 'Create appointment named \'Dili kokabalo\', id \'13\'', '2023-05-03', '21:16:54'),
(185, '::1', 15, 'Generate audit trail', 'Generate audit trail, from \'2023-05-02\' to \'2023-05-05\'', '2023-05-03', '21:17:24'),
(186, '::1', 15, 'Generate audit trail', 'Generate audit trail, from \'2023-05-02\' to \'2023-05-05\'', '2023-05-03', '21:20:16'),
(187, '::1', 15, 'Successfully logout', 'Successfully logout', '2023-05-03', '21:44:09'),
(188, '::1', 1, 'Successfully login', 'Successfully login', '2023-05-03', '21:44:12'),
(189, '::1', 1, 'Add Medical Record', 'Added medical record for patient name \'PTNT-0004\', id \'4\' ', '2023-05-03', '21:44:25'),
(190, '::1', 1, 'Successfully logout', 'Successfully logout', '2023-05-03', '21:44:33'),
(191, '::1', 15, 'Successfully login', 'Successfully login', '2023-05-03', '21:44:35'),
(192, '::1', 15, 'Successfully logout', 'Successfully logout', '2023-05-03', '21:46:04'),
(193, '::1', 1, 'Successfully login', 'Successfully login', '2023-05-03', '21:46:07'),
(194, '::1', 1, 'Generate audit trail', 'Generate audit trail, from \'2023-05-03\' to \'2023-05-04\'', '2023-05-03', '21:46:41'),
(195, '::1', 1, 'Generate  Nurse report', 'Generate  Nurse report, from \'2023-01-01\' to \'2023-05-03\'', '2023-05-03', '21:58:29'),
(196, '::1', 1, 'Generate audit trail', 'Generate audit trail, from \'2023-03-01\' to \'2023-05-03\'', '2023-05-03', '22:06:38'),
(197, '::1', 1, 'Generate  service report', 'Generate  service report, from \'2023-03-01\' to \'2023-05-03\'', '2023-05-03', '22:07:52'),
(198, '::1', 1, 'Generate appointment report', 'Generate appointment report, from \'2023-02-28\' to \'2023-05-03\'', '2023-05-03', '22:10:20'),
(199, '127.0.0.1', 13, 'Successfully login', 'Successfully login', '2023-07-13', '08:45:55'),
(200, '127.0.0.1', 13, 'Successfully logout', 'Successfully logout', '2023-07-13', '08:46:21'),
(201, '127.0.0.1', 13, 'Successfully login', 'Successfully login', '2023-07-13', '08:47:46'),
(202, '127.0.0.1', 13, 'Successfully logout', 'Successfully logout', '2023-07-13', '09:17:20'),
(203, '127.0.0.1', 23, 'Successfully login', 'Successfully login', '2023-07-13', '09:17:26'),
(204, '127.0.0.1', 23, 'Successfully logout', 'Successfully logout', '2023-07-13', '09:17:46'),
(205, '127.0.0.1', 22, 'Successfully login', 'Successfully login', '2023-07-13', '09:17:54'),
(206, '127.0.0.1', 22, 'Successfully logout', 'Successfully logout', '2023-07-13', '09:24:10'),
(207, '127.0.0.1', 23, 'Successfully login', 'Successfully login', '2023-07-13', '09:24:17'),
(208, '::1', 22, 'Successfully login', 'Successfully login', '2023-07-13', '09:27:46'),
(209, '::1', 22, 'Successfully logout', 'Successfully logout', '2023-07-13', '09:28:04'),
(210, '::1', 22, 'Successfully login', 'Successfully login', '2023-07-13', '09:28:12'),
(211, '::1', 22, 'Successfully logout', 'Successfully logout', '2023-07-13', '09:28:26'),
(212, '::1', 23, 'Successfully login', 'Successfully login', '2023-07-13', '09:28:34'),
(213, '127.0.0.1', 22, 'Successfully login', 'Successfully login', '2023-07-13', '09:35:38'),
(214, '127.0.0.1', 22, 'Successfully logout', 'Successfully logout', '2023-07-13', '09:37:48'),
(215, '127.0.0.1', 23, 'Successfully login', 'Successfully login', '2023-07-13', '09:37:57'),
(216, '127.0.0.1', 23, 'Successfully logout', 'Successfully logout', '2023-07-13', '09:38:14'),
(217, '127.0.0.1', 22, 'Successfully login', 'Successfully login', '2023-07-13', '09:41:35'),
(218, '127.0.0.1', 22, 'Successfully logout', 'Successfully logout', '2023-07-13', '09:47:46'),
(219, '127.0.0.1', 23, 'Successfully login', 'Successfully login', '2023-07-13', '09:52:10'),
(220, '127.0.0.1', 23, 'Successfully logout', 'Successfully logout', '2023-07-13', '09:59:50'),
(221, '127.0.0.1', 22, 'Successfully login', 'Successfully login', '2023-07-13', '09:59:55'),
(222, '127.0.0.1', 22, 'Successfully logout', 'Successfully logout', '2023-07-13', '10:00:08'),
(223, '127.0.0.1', 13, 'Successfully login', 'Successfully login', '2023-07-13', '10:00:39'),
(224, '127.0.0.1', 13, 'Add Stock', 'Added new \'1\' stock for the product name \'Productsample1\', id \'2\'', '2023-07-13', '11:29:46'),
(225, '127.0.0.1', 13, 'Add Stock', 'Added new \'1\' stock for the product name \'Productsample1\', id \'2\'', '2023-07-13', '13:45:00'),
(226, '127.0.0.1', 13, 'Delete Stock', 'Delete stock for the product id \'4\', id \'4\'', '2023-07-13', '14:00:29'),
(227, '127.0.0.1', 13, 'Successfully logout', 'Successfully logout', '2023-07-13', '14:02:19'),
(228, '127.0.0.1', 21, 'Successfully login', 'Successfully login', '2023-07-13', '14:02:23'),
(229, '127.0.0.1', 21, 'Successfully logout', 'Successfully logout', '2023-07-13', '15:14:32'),
(230, '127.0.0.1', 13, 'Successfully login', 'Successfully login', '2023-07-13', '15:14:48'),
(231, '127.0.0.1', 13, 'Successfully logout', 'Successfully logout', '2023-07-13', '15:33:13'),
(232, '127.0.0.1', 13, 'Successfully login', 'Successfully login', '2023-07-13', '16:01:25'),
(233, '::1', 13, 'Successfully login', 'Successfully login', '2023-07-13', '16:17:31'),
(234, '127.0.0.1', 13, 'Successfully logout', 'Successfully logout', '2023-07-13', '16:50:44'),
(235, '::1', 13, 'Successfully logout', 'Successfully logout', '2023-07-13', '17:19:10'),
(236, '127.0.0.1', 1, 'Add User', 'Add User named : Allen id : 27', '2023-07-17', '18:32:08'),
(237, '127.0.0.1', 1, 'Add User', 'Add User named : Fasf id : 28', '2023-07-17', '18:45:19'),
(238, '127.0.0.1', 1, 'Add User', 'Add User named : Allen id : 29', '2023-07-17', '19:03:18'),
(239, '127.0.0.1', 1, 'Add User', 'Add User named : Fsafsa id : 30', '2023-07-17', '19:04:09'),
(240, '127.0.0.1', 13, 'Successfully login', 'Successfully login', '2023-07-17', '15:40:55'),
(241, '127.0.0.1', 13, 'Successfully logout', 'Successfully logout', '2023-07-17', '15:41:18'),
(242, '127.0.0.1', 13, 'Successfully login', 'Successfully login', '2023-07-17', '15:52:00'),
(243, '127.0.0.1', 1, 'Add patient', 'Added patient name \'fahgahasfas fasfasfashgas fasfasgash\'. patient id :  6', '2023-07-17', '21:16:47'),
(244, '127.0.0.1', 1, 'Add patient', 'Added patient name \'gasgsag sahsa gasgasgas\'. patient id :  7', '2023-07-17', '21:18:56'),
(245, '127.0.0.1', 13, 'Successfully login', 'Successfully login', '2023-07-18', '09:00:01'),
(246, '127.0.0.1', 13, 'Successfully logout', 'Successfully logout', '2023-07-18', '10:57:27'),
(247, '127.0.0.1', 13, 'Successfully login', 'Successfully login', '2023-07-18', '10:57:33'),
(248, '127.0.0.1', 13, 'Successfully logout', 'Successfully logout', '2023-07-18', '10:57:45'),
(249, '127.0.0.1', 13, 'Successfully login', 'Successfully login', '2023-07-18', '10:58:05'),
(250, '127.0.0.1', 13, 'Successfully logout', 'Successfully logout', '2023-07-18', '10:59:18'),
(251, '127.0.0.1', 13, 'Successfully login', 'Successfully login', '2023-07-18', '10:59:44'),
(252, '127.0.0.1', 13, 'Update User Status', 'Employee name \'Nurse One\', id \'16\', changed user status to \'Inactive\'', '2023-07-18', '14:27:24'),
(253, '127.0.0.1', 13, 'Update User Status', 'Employee name \'Nurse One\', id \'16\', changed user status to \'Active\'', '2023-07-18', '14:27:35'),
(254, '127.0.0.1', 1, 'Update User Status', 'Employee name \'Nurse One\', id \'16\', changed user status to \'Inactive\'', '2023-07-18', '18:45:23'),
(255, '127.0.0.1', 1, 'Update User Status', 'Employee name \'Nurse One\', id \'16\', changed user status to \'Active\'', '2023-07-18', '18:45:33'),
(256, '127.0.0.1', 1, 'Update User Status', 'Employee name \'Nurse One\', id \'16\', changed user status to \'Inactive\'', '2023-07-18', '18:46:26'),
(257, '127.0.0.1', 1, 'Update User Status', 'Employee name \'Nurse One\', id \'16\', changed user status to \'Active\'', '2023-07-18', '18:46:35'),
(258, '127.0.0.1', 1, 'Update User\'s Password', 'Updated password with name \'Nurse One\', id \'16\'', '2023-07-18', '19:44:28'),
(259, '127.0.0.1', 1, 'Update User\'s Password', 'Updated password with name \'Nurse One\', id \'16\'', '2023-07-18', '19:45:04'),
(260, '127.0.0.1', 1, 'Update User Status', 'Employee name \'Nurse One\', id \'16\', changed user status to \'Active\'', '2023-07-18', '19:57:10'),
(261, '127.0.0.1', 1, 'Update User Status', 'Employee name \'Nurse One\', id \'16\', changed user status to \'Active\'', '2023-07-18', '19:57:20'),
(262, '127.0.0.1', 1, 'Update User Status', 'Employee name \'Nurse One\', id \'16\', changed user status to \'Inactive\'', '2023-07-18', '19:57:31'),
(263, '127.0.0.1', 1, 'Update User Status', 'Employee name \'Nurse One\', id \'16\', changed user status to \'Active\'', '2023-07-18', '19:57:41'),
(264, '127.0.0.1', 1, 'Update User Status', 'Employee name \'Nurse One\', id \'16\', changed user status to \'Active\'', '2023-07-18', '19:57:49'),
(265, '127.0.0.1', 1, 'Update User Status', 'Employee name \'Nurse One\', id \'16\', changed user status to \'Active\'', '2023-07-18', '20:01:31'),
(266, '127.0.0.1', 1, 'Update User Status', 'Employee name \' \', id \'22\', changed user status to \'\'', '2023-07-18', '20:06:45'),
(267, '127.0.0.1', 1, 'Update User Status', 'Employee name \'Mikai Honda\', id \'22\', changed user status to \'Inactive\'', '2023-07-18', '20:08:54'),
(268, '127.0.0.1', 1, 'Update User Status', 'Employee name \'Mikai Honda\', id \'22\', changed user status to \'Active\'', '2023-07-18', '20:09:04'),
(269, '127.0.0.1', 1, 'Update User Status', 'Employee name \'Nurse One\', id \'16\', changed user status to \'Inactive\'', '2023-07-18', '20:09:11'),
(270, '127.0.0.1', 1, 'Update User Status', 'Employee name \'Nurse One\', id \'16\', changed user status to \'Active\'', '2023-07-18', '20:09:17'),
(271, '127.0.0.1', 1, 'Update User\'s Password', 'Updated password with name \'Mikai Honda\', id \'22\'', '2023-07-18', '20:16:32'),
(272, '127.0.0.1', 1, 'Update User\'s Information', 'Updated username with name \'Mikai Honda\', id \'22\'', '2023-07-18', '20:42:26'),
(273, '127.0.0.1', 1, 'Update User\'s Information', 'Update user information with name \'Mikai Honda\', id \'22\'', '2023-07-18', '21:52:10'),
(274, '127.0.0.1', 13, 'Successfully login', 'Successfully login', '2023-07-19', '08:43:04'),
(275, '127.0.0.1', 1, 'Add User', 'Add child named \'Gasfsaf Gsagasg\', id \'26\'', '2023-07-19', '14:45:59'),
(276, '127.0.0.1', 1, 'Add Stock', 'Added new \'5\' stock for the product name \'Productsample1\', id \'2\'', '2023-07-19', '16:39:06'),
(277, '127.0.0.1', 1, 'Add Stock', 'Added new \'1\' stock for the product name \'Productsample\', id \'1\'', '2023-07-19', '16:39:16'),
(278, '127.0.0.1', 1, 'Add Product', 'Added product name \'TESTING\', id \'5\'', '2023-07-19', '18:22:09'),
(279, '127.0.0.1', 1, 'Delete Stock', 'Delete stock for the product id \'5\', id \'5\'', '2023-07-19', '18:22:48'),
(280, '127.0.0.1', 1, 'Update appointment status', 'Appointment id \'3\' was successfully changed to \'\'', '2023-07-19', '21:44:17'),
(281, '127.0.0.1', 1, 'Update appointment status', 'Appointment id \'4\' was successfully changed to \'\'', '2023-07-19', '21:44:33'),
(282, '127.0.0.1', 1, 'Update appointment status', 'Appointment id \'3\' was successfully changed to \'Canceled\'', '2023-07-19', '21:47:44'),
(283, '127.0.0.1', 1, 'Update appointment status', 'Appointment id \'3\' was successfully changed to \'No Show\'', '2023-07-19', '21:47:55'),
(284, '127.0.0.1', 1, 'Update appointment status', 'Appointment id \'3\' was successfully changed to \'Completed\'', '2023-07-19', '21:48:28'),
(285, '127.0.0.1', 13, 'Successfully login', 'Successfully login', '2023-07-20', '07:56:01'),
(286, '127.0.0.1', 1, 'Update appointment', 'Update appointment id \'12\'', '2023-07-20', '14:08:09'),
(287, '127.0.0.1', 1, 'Update appointment', 'Update appointment id \'12\'', '2023-07-20', '14:09:31'),
(288, '127.0.0.1', 1, 'Update appointment', 'Update appointment id \'12\'', '2023-07-20', '14:10:00'),
(289, '127.0.0.1', 1, 'Update appointment', 'Update appointment id \'12\'', '2023-07-20', '14:11:07'),
(290, '127.0.0.1', 13, 'Generate audit trail', 'Generate audit trail, from \'2023-04-01\' to \'2023-05-31\'', '2023-07-20', '10:15:33'),
(291, '127.0.0.1', 13, 'Generate audit trail', 'Generate audit trail, from \'2023-04-01\' to \'2023-05-31\'', '2023-07-20', '10:39:22'),
(292, '127.0.0.1', 1, 'Generate audit trail', 'Generate audit trail, from \'2023-04-01\' to \'2023-05-31\'', '2023-07-20', '15:05:45'),
(293, '127.0.0.1', 1, 'Generate audit trail', 'Generate audit trail, from \'2023-04-01\' to \'2023-05-31\'', '2023-07-20', '15:06:40'),
(294, '127.0.0.1', 1, 'Generate audit trail', 'Generate audit trail, from \'2023-04-01\' to \'2023-05-31\'', '2023-07-20', '15:08:44'),
(295, '127.0.0.1', 1, 'Generate audit trail', 'Generate audit trail, from \'\' to \'\'', '2023-07-20', '15:08:44'),
(296, '127.0.0.1', 1, 'Generate audit trail', 'Generate audit trail, from \'\' to \'\'', '2023-07-20', '15:08:44'),
(297, '127.0.0.1', 1, 'Generate audit trail', 'Generate audit trail, from \'\' to \'\'', '2023-07-20', '15:08:44'),
(298, '127.0.0.1', 1, 'Generate audit trail', 'Generate audit trail, from \'\' to \'\'', '2023-07-20', '15:08:44'),
(299, '127.0.0.1', 1, 'Generate audit trail', 'Generate audit trail, from \'\' to \'\'', '2023-07-20', '15:08:44'),
(300, '127.0.0.1', 1, 'Generate audit trail', 'Generate audit trail, from \'\' to \'\'', '2023-07-20', '15:08:44'),
(301, '127.0.0.1', 1, 'Generate audit trail', 'Generate audit trail, from \'\' to \'\'', '2023-07-20', '15:08:44'),
(302, '127.0.0.1', 1, 'Generate audit trail', 'Generate audit trail, from \'\' to \'\'', '2023-07-20', '15:08:44'),
(303, '127.0.0.1', 1, 'Generate audit trail', 'Generate audit trail, from \'\' to \'\'', '2023-07-20', '15:08:44'),
(304, '127.0.0.1', 1, 'Generate audit trail', 'Generate audit trail, from \'\' to \'\'', '2023-07-20', '15:08:44'),
(305, '127.0.0.1', 1, 'Generate audit trail', 'Generate audit trail, from \'\' to \'\'', '2023-07-20', '15:08:44'),
(306, '127.0.0.1', 1, 'Generate audit trail', 'Generate audit trail, from \'\' to \'\'', '2023-07-20', '15:08:44'),
(307, '127.0.0.1', 1, 'Generate audit trail', 'Generate audit trail, from \'\' to \'\'', '2023-07-20', '15:08:44'),
(308, '127.0.0.1', 1, 'Generate audit trail', 'Generate audit trail, from \'\' to \'\'', '2023-07-20', '15:08:45'),
(309, '127.0.0.1', 1, 'Generate audit trail', 'Generate audit trail, from \'\' to \'\'', '2023-07-20', '15:08:45'),
(310, '127.0.0.1', 1, 'Generate audit trail', 'Generate audit trail, from \'\' to \'\'', '2023-07-20', '15:08:45'),
(311, '127.0.0.1', 1, 'Generate audit trail', 'Generate audit trail, from \'\' to \'\'', '2023-07-20', '15:08:45'),
(312, '127.0.0.1', 1, 'Generate audit trail', 'Generate audit trail, from \'\' to \'\'', '2023-07-20', '15:08:45'),
(313, '127.0.0.1', 1, 'Generate audit trail', 'Generate audit trail, from \'\' to \'\'', '2023-07-20', '15:08:45'),
(314, '127.0.0.1', 1, 'Generate audit trail', 'Generate audit trail, from \'\' to \'\'', '2023-07-20', '15:08:45'),
(315, '127.0.0.1', 1, 'Generate audit trail', 'Generate audit trail, from \'\' to \'\'', '2023-07-20', '15:09:02'),
(316, '127.0.0.1', 1, 'Generate audit trail', 'Generate audit trail, from \'\' to \'\'', '2023-07-20', '15:09:02'),
(317, '127.0.0.1', 1, 'Generate audit trail', 'Generate audit trail, from \'\' to \'\'', '2023-07-20', '15:09:02'),
(318, '127.0.0.1', 1, 'Generate audit trail', 'Generate audit trail, from \'\' to \'\'', '2023-07-20', '15:09:02'),
(319, '127.0.0.1', 1, 'Generate audit trail', 'Generate audit trail, from \'\' to \'\'', '2023-07-20', '15:09:02'),
(320, '127.0.0.1', 1, 'Generate audit trail', 'Generate audit trail, from \'\' to \'\'', '2023-07-20', '15:09:02'),
(321, '127.0.0.1', 1, 'Generate audit trail', 'Generate audit trail, from \'\' to \'\'', '2023-07-20', '15:09:03'),
(322, '127.0.0.1', 1, 'Generate audit trail', 'Generate audit trail, from \'\' to \'\'', '2023-07-20', '15:09:03'),
(323, '127.0.0.1', 1, 'Generate audit trail', 'Generate audit trail, from \'\' to \'\'', '2023-07-20', '15:09:03'),
(324, '127.0.0.1', 1, 'Generate audit trail', 'Generate audit trail, from \'\' to \'\'', '2023-07-20', '15:09:03'),
(325, '127.0.0.1', 1, 'Generate audit trail', 'Generate audit trail, from \'\' to \'\'', '2023-07-20', '15:09:03'),
(326, '127.0.0.1', 1, 'Generate audit trail', 'Generate audit trail, from \'\' to \'\'', '2023-07-20', '15:09:03'),
(327, '127.0.0.1', 1, 'Generate audit trail', 'Generate audit trail, from \'\' to \'\'', '2023-07-20', '15:09:03'),
(328, '127.0.0.1', 1, 'Generate audit trail', 'Generate audit trail, from \'\' to \'\'', '2023-07-20', '15:09:03'),
(329, '127.0.0.1', 1, 'Generate audit trail', 'Generate audit trail, from \'\' to \'\'', '2023-07-20', '15:09:03'),
(330, '127.0.0.1', 1, 'Generate audit trail', 'Generate audit trail, from \'\' to \'\'', '2023-07-20', '15:09:03'),
(331, '127.0.0.1', 1, 'Generate audit trail', 'Generate audit trail, from \'\' to \'\'', '2023-07-20', '15:09:03'),
(332, '127.0.0.1', 1, 'Generate audit trail', 'Generate audit trail, from \'\' to \'\'', '2023-07-20', '15:09:03'),
(333, '127.0.0.1', 1, 'Generate audit trail', 'Generate audit trail, from \'\' to \'\'', '2023-07-20', '15:09:03'),
(334, '127.0.0.1', 1, 'Generate audit trail', 'Generate audit trail, from \'\' to \'\'', '2023-07-20', '15:09:03'),
(335, '127.0.0.1', 1, 'Generate audit trail', 'Generate audit trail, from \'\' to \'\'', '2023-07-20', '15:09:03'),
(336, '127.0.0.1', 1, 'Generate audit trail', 'Generate audit trail, from \'2023-04-01\' to \'2023-05-31\'', '2023-07-20', '15:10:47'),
(337, '127.0.0.1', 1, 'Generate audit trail', 'Generate audit trail, from \'\' to \'\'', '2023-07-20', '15:10:47'),
(338, '127.0.0.1', 1, 'Generate audit trail', 'Generate audit trail, from \'2023-04-01\' to \'2023-05-31\'', '2023-07-20', '15:32:07'),
(339, '127.0.0.1', 1, 'Generate audit trail', 'Generate audit trail, from \'img\' to \'logo.png\'', '2023-07-20', '15:32:07'),
(340, '127.0.0.1', 1, 'Generate audit trail', 'Generate audit trail, from \'2023-04-01\' to \'2023-05-31\'', '2023-07-20', '15:34:14'),
(341, '127.0.0.1', 1, 'Generate audit trail', 'Generate audit trail, from \'img\' to \'logo.png\'', '2023-07-20', '15:34:15'),
(342, '127.0.0.1', 1, 'Generate audit trail', 'Generate audit trail, from \'2023-04-01\' to \'2023-05-31\'', '2023-07-20', '15:34:56'),
(343, '127.0.0.1', 1, 'Generate audit trail', 'Generate audit trail, from \'js\' to \'script.js\'', '2023-07-20', '15:34:56'),
(344, '127.0.0.1', 1, 'Generate audit trail', 'Generate audit trail, from \'img\' to \'logo.png\'', '2023-07-20', '15:34:57'),
(345, '127.0.0.1', 1, 'Generate audit trail', 'Generate audit trail, from \'2023-04-01\' to \'2023-05-31\'', '2023-07-20', '15:36:08'),
(346, '127.0.0.1', 1, 'Generate audit trail', 'Generate audit trail, from \'2023-04-01\' to \'path\'', '2023-07-20', '15:36:08'),
(347, '127.0.0.1', 1, 'Generate audit trail', 'Generate audit trail, from \'2023-04-01\' to \'path\'', '2023-07-20', '15:36:08'),
(348, '127.0.0.1', 1, 'Generate audit trail', 'Generate audit trail, from \'js\' to \'script.js\'', '2023-07-20', '15:36:08'),
(349, '127.0.0.1', 1, 'Generate audit trail', 'Generate audit trail, from \'2023-04-01\' to \'path\'', '2023-07-20', '15:36:09'),
(350, '127.0.0.1', 1, 'Generate audit trail', 'Generate audit trail, from \'2023-04-01\' to \'path\'', '2023-07-20', '15:36:09'),
(351, '127.0.0.1', 1, 'Generate audit trail', 'Generate audit trail, from \'img\' to \'logo.png\'', '2023-07-20', '15:36:10'),
(352, '127.0.0.1', 1, 'Generate audit trail', 'Generate audit trail, from \'2023-04-01\' to \'2023-05-31\'', '2023-07-20', '15:37:12'),
(353, '127.0.0.1', 1, 'Generate audit trail', 'Generate audit trail, from \'2023-04-01\' to \'path\'', '2023-07-20', '15:37:13'),
(354, '127.0.0.1', 1, 'Generate audit trail', 'Generate audit trail, from \'js\' to \'script.js\'', '2023-07-20', '15:37:13'),
(355, '127.0.0.1', 1, 'Generate audit trail', 'Generate audit trail, from \'2023-04-01\' to \'path\'', '2023-07-20', '15:37:13'),
(356, '127.0.0.1', 1, 'Generate audit trail', 'Generate audit trail, from \'2023-04-01\' to \'path\'', '2023-07-20', '15:37:13'),
(357, '127.0.0.1', 1, 'Generate audit trail', 'Generate audit trail, from \'2023-04-01\' to \'path\'', '2023-07-20', '15:37:13'),
(358, '127.0.0.1', 1, 'Generate audit trail', 'Generate audit trail, from \'img\' to \'logo.png\'', '2023-07-20', '15:37:14'),
(359, '127.0.0.1', 1, 'Generate audit trail', 'Generate audit trail, from \'2023-04-01\' to \'2023-05-31\'', '2023-07-20', '15:38:11'),
(360, '127.0.0.1', 1, 'Generate audit trail', 'Generate audit trail, from \'2023-04-01\' to \'path\'', '2023-07-20', '15:38:11'),
(361, '127.0.0.1', 1, 'Generate audit trail', 'Generate audit trail, from \'2023-04-01\' to \'path\'', '2023-07-20', '15:38:11'),
(362, '127.0.0.1', 1, 'Generate audit trail', 'Generate audit trail, from \'js\' to \'script.js\'', '2023-07-20', '15:38:11'),
(363, '127.0.0.1', 1, 'Generate audit trail', 'Generate audit trail, from \'2023-04-01\' to \'path\'', '2023-07-20', '15:38:12'),
(364, '127.0.0.1', 1, 'Generate audit trail', 'Generate audit trail, from \'2023-04-01\' to \'path\'', '2023-07-20', '15:38:12'),
(365, '127.0.0.1', 1, 'Generate audit trail', 'Generate audit trail, from \'img\' to \'logo.png\'', '2023-07-20', '15:38:13'),
(366, '127.0.0.1', 1, 'Generate audit trail', 'Generate audit trail, from \'2023-04-01\' to \'2023-05-31\'', '2023-07-20', '15:40:42'),
(367, '127.0.0.1', 1, 'Generate audit trail', 'Generate audit trail, from \'js\' to \'script.js\'', '2023-07-20', '15:40:42'),
(368, '127.0.0.1', 1, 'Generate audit trail', 'Generate audit trail, from \'2023-04-01\' to \'path\'', '2023-07-20', '15:40:42'),
(369, '127.0.0.1', 1, 'Generate audit trail', 'Generate audit trail, from \'2023-04-01\' to \'path\'', '2023-07-20', '15:40:42'),
(370, '127.0.0.1', 1, 'Generate audit trail', 'Generate audit trail, from \'2023-04-01\' to \'path\'', '2023-07-20', '15:40:43'),
(371, '127.0.0.1', 1, 'Generate audit trail', 'Generate audit trail, from \'2023-04-01\' to \'path\'', '2023-07-20', '15:40:43'),
(372, '127.0.0.1', 1, 'Generate audit trail', 'Generate audit trail, from \'img\' to \'logo.png\'', '2023-07-20', '15:40:44'),
(373, '127.0.0.1', 1, 'Generate audit trail', 'Generate audit trail, from \'2023-04-01\' to \'2023-05-31\'', '2023-07-20', '15:41:43'),
(374, '127.0.0.1', 1, 'Generate audit trail', 'Generate audit trail, from \'img\' to \'logo.png\'', '2023-07-20', '15:41:44'),
(375, '127.0.0.1', 1, 'Generate audit trail', 'Generate audit trail, from \'2023-04-01\' to \'2023-05-31\'', '2023-07-20', '15:41:54'),
(376, '127.0.0.1', 1, 'Generate audit trail', 'Generate audit trail, from \'js\' to \'script.js\'', '2023-07-20', '15:41:54'),
(377, '127.0.0.1', 1, 'Generate audit trail', 'Generate audit trail, from \'img\' to \'logo.png\'', '2023-07-20', '15:41:55'),
(378, '127.0.0.1', 1, 'Generate audit trail', 'Generate audit trail, from \'2023-04-01\' to \'2023-05-31\'', '2023-07-20', '15:42:14'),
(379, '127.0.0.1', 1, 'Generate audit trail', 'Generate audit trail, from \'img\' to \'logo.png\'', '2023-07-20', '15:42:15'),
(380, '127.0.0.1', 1, 'Generate audit trail', 'Generate audit trail, from \'2023-04-01\' to \'2023-05-31\'', '2023-07-20', '15:42:25'),
(381, '127.0.0.1', 1, 'Generate audit trail', 'Generate audit trail, from \'img\' to \'logo.png\'', '2023-07-20', '15:42:26'),
(382, '127.0.0.1', 1, 'Generate audit trail', 'Generate audit trail, from \'2023-04-01\' to \'2023-05-31\'', '2023-07-20', '15:42:56'),
(383, '127.0.0.1', 1, 'Generate audit trail', 'Generate audit trail, from \'img\' to \'logo.png\'', '2023-07-20', '15:42:57'),
(384, '127.0.0.1', 1, 'Generate audit trail', 'Generate audit trail, from \'2023-04-01\' to \'2023-05-31\'', '2023-07-20', '15:43:01'),
(385, '127.0.0.1', 1, 'Generate audit trail', 'Generate audit trail, from \'2023-04-01\' to \'2023-05-31\'', '2023-07-20', '18:00:38'),
(386, '127.0.0.1', 1, 'Generate appointment report', 'Generate appointment report, from \'2023-04-01\' to \'2023-05-31\'', '2023-07-20', '18:01:44'),
(387, '127.0.0.1', 1, 'Generate appointment report', 'Generate appointment report, from \'2023-04-01\' to \'path\'', '2023-07-20', '18:01:44'),
(388, '127.0.0.1', 1, 'Generate appointment report', 'Generate appointment report, from \'2023-04-01\' to \'path\'', '2023-07-20', '18:01:44'),
(389, '127.0.0.1', 1, 'Generate appointment report', 'Generate appointment report, from \'2023-04-01\' to \'2023-05-31\'', '2023-07-20', '18:02:29'),
(390, '127.0.0.1', 1, 'Generate appointment report', 'Generate appointment report, from \'2023-04-01\' to \'2023-05-31\'', '2023-07-20', '18:03:46'),
(391, '127.0.0.1', 1, 'Generate appointment report', 'Generate appointment report, from \'2023-07-21\' to \'2023-07-28\'', '2023-07-20', '18:05:04'),
(392, '127.0.0.1', 1, 'Generate inventory report', 'Generate inventory report, from \'2023-04-01\' to \'2023-05-31\'', '2023-07-20', '18:29:47'),
(393, '127.0.0.1', 1, 'Generate inventory report', 'Generate inventory report, from \'2023-04-01\' to \'2023-05-31\'', '2023-07-20', '18:32:50'),
(394, '127.0.0.1', 1, 'Generate inventory report', 'Generate inventory report, from \'2023-04-01\' to \'2023-05-31\'', '2023-07-20', '18:33:19'),
(395, '127.0.0.1', 1, 'Generate inventory report', 'Generate inventory report, from \'2023-04-01\' to \'2023-05-31\'', '2023-07-20', '18:34:18'),
(396, '127.0.0.1', 1, 'Generate inventory report', 'Generate inventory report, from \'2023-03-01\' to \'2023-05-31\'', '2023-07-20', '18:35:04'),
(397, '127.0.0.1', 1, 'Generate inventory report', 'Generate inventory report, from \'2023-03-01\' to \'2023-05-31\'', '2023-07-20', '18:46:55'),
(398, '127.0.0.1', 1, 'Generate child report', 'Generate child report, from \'2023-04-01\' to \'2023-05-31\'', '2023-07-20', '18:48:25'),
(399, '127.0.0.1', 1, 'Generate  Nurse report', 'Generate  Nurse report, from \'2023-04-01\' to \'2023-05-31\'', '2023-07-20', '18:59:37'),
(400, '127.0.0.1', 1, 'Generate  Nurse report', 'Generate  Nurse report, from \'2023-04-01\' to \'2023-05-31\'', '2023-07-20', '18:59:55'),
(401, '127.0.0.1', 1, 'Generate  Nurse report', 'Generate  Nurse report, from \'2023-04-01\' to \'2023-07-30\'', '2023-07-20', '19:00:17'),
(402, '127.0.0.1', 1, 'Generate  Nurse report', 'Generate  Nurse report, from \'2023-04-01\' to \'2023-07-30\'', '2023-07-20', '19:00:35'),
(403, '127.0.0.1', 13, 'Generate  Nurse report', 'Generate  Nurse report, from \'2023-04-01\' to \'2023-07-30\'', '2023-07-20', '15:01:30'),
(404, '127.0.0.1', 1, 'Generate  Nurse report', 'Generate  Nurse report, from \'2023-04-01\' to \'2023-07-30\'', '2023-07-20', '19:11:27'),
(405, '127.0.0.1', 1, 'Generate appointment report', 'Generate appointment report, from \'2023-04-01\' to \'2023-07-30\'', '2023-07-20', '19:11:44'),
(406, '127.0.0.1', 13, 'Successfully logout', 'Successfully logout', '2023-07-20', '15:14:47'),
(407, '127.0.0.1', 22, 'Successfully login', 'Successfully login', '2023-07-20', '15:14:54'),
(408, '127.0.0.1', 22, 'Successfully logout', 'Successfully logout', '2023-07-20', '15:28:26'),
(409, '127.0.0.1', 24, 'Successfully login', 'Successfully login', '2023-07-20', '15:29:31'),
(410, '127.0.0.1', 24, 'Generate audit trail', 'Generate audit trail, from \'2023-04-01\' to \'2023-07-30\'', '2023-07-20', '15:29:54'),
(411, '127.0.0.1', 24, 'Successfully logout', 'Successfully logout', '2023-07-20', '15:30:38'),
(412, '127.0.0.1', 25, 'Successfully login', 'Successfully login', '2023-07-20', '15:31:39'),
(413, '127.0.0.1', 25, 'Login was not successful', 'Inactive user was trying to log-in', '2023-07-20', '15:31:39'),
(414, '127.0.0.1', 25, 'Successfully login', 'Successfully login', '2023-07-20', '15:31:51'),
(415, '127.0.0.1', 25, 'Login was not successful', 'Inactive user was trying to log-in', '2023-07-20', '15:31:51'),
(416, '127.0.0.1', 25, 'Successfully login', 'Successfully login', '2023-07-20', '15:32:01'),
(417, '127.0.0.1', 25, 'Login was not successful', 'Inactive user was trying to log-in', '2023-07-20', '15:32:01'),
(418, '127.0.0.1', 25, 'Successfully login', 'Successfully login', '2023-07-20', '15:32:20'),
(419, '127.0.0.1', 25, 'Login was not successful', 'Inactive user was trying to log-in', '2023-07-20', '15:32:20'),
(420, '127.0.0.1', 25, 'Successfully login', 'Successfully login', '2023-07-20', '15:32:38'),
(421, '127.0.0.1', 25, 'Login was not successful', 'Inactive user was trying to log-in', '2023-07-20', '15:32:38'),
(422, '::1', 25, 'Successfully login', 'Successfully login', '2023-07-20', '15:33:00'),
(423, '::1', 25, 'Login was not successful', 'Inactive user was trying to log-in', '2023-07-20', '15:33:00'),
(424, '127.0.0.1', 22, 'Successfully login', 'Successfully login', '2023-07-20', '15:33:16'),
(425, '127.0.0.1', 22, 'Successfully logout', 'Successfully logout', '2023-07-20', '15:33:25'),
(426, '127.0.0.1', 22, 'Successfully login', 'Successfully login', '2023-07-20', '15:34:34'),
(427, '127.0.0.1', 22, 'Successfully logout', 'Successfully logout', '2023-07-20', '15:35:09'),
(428, '127.0.0.1', 1, 'Login was not successful', 'Someone trying to login with incorrect credentials', '2023-07-20', '20:18:59'),
(429, '127.0.0.1', 1, 'Login was not successful', 'Someone trying to login with incorrect credentials', '2023-07-20', '20:19:09'),
(430, '127.0.0.1', 1, 'Login was not successful', 'Someone trying to login with incorrect credentials', '2023-07-20', '20:19:22'),
(431, '127.0.0.1', 1, 'Login was not successful', 'Someone trying to login with incorrect credentials', '2023-07-20', '20:21:03'),
(432, '127.0.0.1', 22, 'Login successfully', 'Login successfully', '2023-07-20', '20:22:55'),
(433, '127.0.0.1', 22, 'Login successfully', 'Login successfully', '2023-07-20', '20:25:57'),
(434, '127.0.0.1', 22, 'Login successfully', 'Login successfully', '2023-07-20', '20:27:11'),
(435, '127.0.0.1', 22, 'Login successfully', 'Login successfully', '2023-07-20', '20:29:59'),
(436, '127.0.0.1', 22, 'Login successfully', 'Login successfully', '2023-07-20', '20:30:00'),
(437, '127.0.0.1', 22, 'Login successfully', 'Login successfully', '2023-07-20', '20:30:07'),
(438, '127.0.0.1', 22, 'Login successfully', 'Login successfully', '2023-07-20', '20:30:07'),
(439, '127.0.0.1', 13, 'Successfully login', 'Successfully login', '2023-07-24', '08:37:52'),
(440, '127.0.0.1', 13, 'Login successfully', 'Login successfully', '2023-07-24', '12:38:24'),
(441, '127.0.0.1', 13, 'Login successfully', 'Login successfully', '2023-07-24', '12:38:25'),
(442, '127.0.0.1', 13, 'Login successfully', 'Login successfully', '2023-07-24', '12:38:34'),
(443, '127.0.0.1', 13, 'Login successfully', 'Login successfully', '2023-07-24', '12:38:41'),
(444, '127.0.0.1', 13, 'Login successfully', 'Login successfully', '2023-07-24', '13:19:30'),
(445, '127.0.0.1', 13, 'Login successfully', 'Login successfully', '2023-07-24', '13:24:19'),
(446, '127.0.0.1', 13, 'Login successfully', 'Login successfully', '2023-07-24', '13:24:43'),
(447, '127.0.0.1', 13, 'Successfully logout', 'Successfully logout', '2023-07-24', '09:32:30'),
(448, '127.0.0.1', 22, 'Successfully login', 'Successfully login', '2023-07-24', '09:32:45'),
(449, '127.0.0.1', 22, 'Successfully logout', 'Successfully logout', '2023-07-24', '09:33:14');
INSERT INTO `audit_trail` (`id`, `ip_address`, `emp_id`, `user_activity`, `details`, `date`, `time`) VALUES
(450, '127.0.0.1', 22, 'Successfully login', 'Successfully login', '2023-07-24', '09:33:27'),
(451, '127.0.0.1', 22, 'Login successfully', 'Login successfully', '2023-07-24', '13:33:45'),
(452, '127.0.0.1', 22, 'Login successfully', 'Login successfully', '2023-07-24', '13:33:45'),
(453, '127.0.0.1', 22, 'Login successfully', 'Login successfully', '2023-07-24', '13:33:48'),
(454, '127.0.0.1', 22, 'Login successfully', 'Login successfully', '2023-07-24', '13:34:48'),
(455, '127.0.0.1', 22, 'Login successfully', 'Login successfully', '2023-07-24', '13:34:53'),
(456, '127.0.0.1', 22, 'Login successfully', 'Login successfully', '2023-07-24', '13:34:54'),
(457, '127.0.0.1', 22, 'Login successfully', 'Login successfully', '2023-07-24', '13:36:44'),
(458, '127.0.0.1', 22, 'Login successfully', 'Login successfully', '2023-07-24', '13:36:45'),
(459, '127.0.0.1', 22, 'Login successfully', 'Login successfully', '2023-07-24', '13:37:10'),
(460, '127.0.0.1', 22, 'Login successfully', 'Login successfully', '2023-07-24', '13:37:13'),
(461, '127.0.0.1', 22, 'Login successfully', 'Login successfully', '2023-07-24', '13:39:15'),
(462, '127.0.0.1', 22, 'Login successfully', 'Login successfully', '2023-07-24', '13:42:07'),
(463, '127.0.0.1', 22, 'Login successfully', 'Login successfully', '2023-07-24', '13:42:44'),
(464, '127.0.0.1', 22, 'Successfully logout', 'Successfully logout', '2023-07-24', '09:48:36'),
(465, '127.0.0.1', 22, 'Successfully login', 'Successfully login', '2023-07-24', '09:48:52'),
(466, '127.0.0.1', 22, 'Generate audit trail', 'Generate audit trail, from \'2023-04-01\' to \'2023-07-31\'', '2023-07-24', '09:50:45'),
(467, '127.0.0.1', 22, 'Login successfully', 'Login successfully', '2023-07-24', '13:53:13'),
(468, '127.0.0.1', 22, 'Login successfully', 'Login successfully', '2023-07-24', '13:53:22'),
(469, '127.0.0.1', 22, 'Login successfully', 'Login successfully', '2023-07-24', '13:53:22'),
(470, '127.0.0.1', 22, 'Login successfully', 'Login successfully', '2023-07-24', '13:53:36'),
(471, '127.0.0.1', 22, 'Login successfully', 'Login successfully', '2023-07-24', '13:53:36'),
(472, '127.0.0.1', 22, 'Generate audit trail', 'Generate audit trail, from \'2023-04-01\' to \'2023-07-31\'', '2023-07-24', '10:23:22'),
(473, '127.0.0.1', 22, 'Login successfully', 'Login successfully', '2023-07-24', '14:25:35'),
(474, '127.0.0.1', 22, 'Login successfully', 'Login successfully', '2023-07-24', '14:25:35'),
(475, '127.0.0.1', 1, 'Generate  service report', 'Generate  service report, from \'2023-04-01\' to \'2023-07-31\'', '2023-07-24', '14:25:50'),
(476, '127.0.0.1', 1, 'Generate  service report', 'Generate  service report, from \'2023-04-01\' to \'2023-07-31\'', '2023-07-24', '14:26:04'),
(477, '127.0.0.1', 1, 'Generate  service report', 'Generate  service report, from \'2023-04-01\' to \'2023-07-31\'', '2023-07-24', '14:27:00'),
(478, '127.0.0.1', 22, 'Login successfully', 'Login successfully', '2023-07-24', '14:27:08'),
(479, '127.0.0.1', 22, 'Login successfully', 'Login successfully', '2023-07-24', '14:27:10'),
(480, '127.0.0.1', 22, 'Login successfully', 'Login successfully', '2023-07-24', '14:27:20'),
(481, '127.0.0.1', 22, 'Login successfully', 'Login successfully', '2023-07-24', '14:27:39'),
(482, '127.0.0.1', 22, 'Login successfully', 'Login successfully', '2023-07-24', '14:27:49'),
(483, '127.0.0.1', 22, 'Login successfully', 'Login successfully', '2023-07-24', '14:27:49'),
(484, '127.0.0.1', 22, 'Login successfully', 'Login successfully', '2023-07-24', '14:28:27'),
(485, '127.0.0.1', 22, 'Login successfully', 'Login successfully', '2023-07-24', '14:28:34'),
(486, '127.0.0.1', 1, 'Generate  service report', 'Generate  service report, from \'2023-04-01\' to \'2023-07-31\'', '2023-07-24', '14:29:10'),
(487, '127.0.0.1', 1, 'Generate  service report', 'Generate  service report, from \'2023-04-01\' to \'2023-07-31\'', '2023-07-24', '14:31:01'),
(488, '127.0.0.1', 1, 'Generate  service report', 'Generate  service report, from \'2023-04-01\' to \'2023-07-31\'', '2023-07-24', '14:31:18'),
(489, '127.0.0.1', 1, 'Generate  service report', 'Generate  service report, from \'2023-04-01\' to \'2023-07-31\'', '2023-07-24', '14:33:42'),
(490, '127.0.0.1', 1, 'Generate  service report', 'Generate  service report, from \'2023-04-01\' to \'2023-07-31\'', '2023-07-24', '14:34:09'),
(491, '127.0.0.1', 1, 'Generate  service report', 'Generate  service report, from \'2023-04-01\' to \'2023-07-31\'', '2023-07-24', '14:34:39'),
(492, '127.0.0.1', 22, 'Login successfully', 'Login successfully', '2023-07-24', '14:34:43'),
(493, '127.0.0.1', 1, 'Generate audit trail', 'Generate audit trail, from \'2023-04-01\' to \'2023-07-31\'', '2023-07-24', '14:34:55'),
(494, '127.0.0.1', 22, 'Login successfully', 'Login successfully', '2023-07-24', '14:35:48'),
(495, '127.0.0.1', 22, 'Login successfully', 'Login successfully', '2023-07-24', '14:45:50'),
(496, '127.0.0.1', 22, 'Login successfully', 'Login successfully', '2023-07-24', '14:45:57'),
(497, '127.0.0.1', 22, 'Login successfully', 'Login successfully', '2023-07-24', '14:46:06'),
(498, '127.0.0.1', 22, 'Login successfully', 'Login successfully', '2023-07-24', '14:46:09'),
(499, '127.0.0.1', 22, 'Login successfully', 'Login successfully', '2023-07-24', '14:46:11'),
(500, '127.0.0.1', 22, 'Login successfully', 'Login successfully', '2023-07-24', '14:46:17'),
(501, '127.0.0.1', 22, 'Update appointment status', 'Appointment id \'12\' was successfully changed to \'Scheduled\'', '2023-07-24', '10:51:01'),
(502, '127.0.0.1', 22, 'Login successfully', 'Login successfully', '2023-07-24', '14:54:51'),
(503, '127.0.0.1', 22, 'Login successfully', 'Login successfully', '2023-07-24', '15:13:51'),
(504, '127.0.0.1', 13, 'Login successfully', 'Login successfully', '2023-07-24', '15:14:00'),
(505, '127.0.0.1', 13, 'Login successfully', 'Login successfully', '2023-07-24', '15:14:00'),
(506, '127.0.0.1', 1, 'Update appointment', 'Update appointment id \'13\'', '2023-07-24', '15:35:01'),
(507, '127.0.0.1', 1, 'Update appointment', 'Update appointment id \'13\'', '2023-07-24', '15:35:16'),
(508, '127.0.0.1', 1, 'Update appointment', 'Update appointment id \'8\'', '2023-07-24', '15:41:01'),
(509, '127.0.0.1', 13, 'Login successfully', 'Login successfully', '2023-07-24', '15:45:41'),
(510, '127.0.0.1', 13, 'Login successfully', 'Login successfully', '2023-07-24', '15:46:23'),
(511, '127.0.0.1', 13, 'Login successfully', 'Login successfully', '2023-07-24', '15:46:27'),
(512, '127.0.0.1', 13, 'Login successfully', 'Login successfully', '2023-07-24', '15:47:02'),
(513, '127.0.0.1', 13, 'Login successfully', 'Login successfully', '2023-07-24', '15:52:16'),
(514, '127.0.0.1', 13, 'Login successfully', 'Login successfully', '2023-07-24', '15:53:22'),
(515, '127.0.0.1', 13, 'Login successfully', 'Login successfully', '2023-07-24', '15:55:25'),
(516, '127.0.0.1', 1, 'Update appointment status', 'Appointment id \'4\' was successfully changed to \'Canceled\'', '2023-07-24', '15:57:01'),
(517, '127.0.0.1', 13, 'Login successfully', 'Login successfully', '2023-07-24', '15:57:04'),
(518, '127.0.0.1', 13, 'Login successfully', 'Login successfully', '2023-07-24', '16:26:12'),
(519, '127.0.0.1', 13, 'Add patient walk in', 'Added patient name \'Allen Christopher Collantes Aduan\'. patient id :  8', '2023-07-24', '18:49:41'),
(520, '127.0.0.1', 13, 'Add appointment walk in', 'Added patient name \'Allen Christopher Aduan\'. appointment id :  14', '2023-07-24', '19:07:13'),
(521, '127.0.0.1', 13, 'Login successfully', 'Login successfully', '2023-07-24', '19:08:07'),
(522, '127.0.0.1', 13, 'Login successfully', 'Login successfully', '2023-07-24', '19:08:14'),
(523, '127.0.0.1', 22, 'Successfully logout', 'Successfully logout', '2023-07-24', '15:15:51'),
(524, '127.0.0.1', 13, 'Successfully login', 'Successfully login', '2023-07-24', '15:15:58'),
(525, '127.0.0.1', 13, 'Add Medical Record', 'Added medical record for patient name \'PTNT-0008\', id \'8\' ', '2023-07-24', '15:16:24'),
(526, '127.0.0.1', 13, 'Login successfully', 'Login successfully', '2023-07-24', '19:27:07'),
(527, '127.0.0.1', 13, 'Login successfully', 'Login successfully', '2023-07-24', '19:27:13'),
(528, '127.0.0.1', 13, 'Login successfully', 'Login successfully', '2023-07-24', '19:27:16'),
(529, '127.0.0.1', 13, 'Login successfully', 'Login successfully', '2023-07-24', '19:27:56'),
(530, '127.0.0.1', 13, 'Login successfully', 'Login successfully', '2023-07-24', '19:36:04'),
(531, '127.0.0.1', 13, 'Login successfully', 'Login successfully', '2023-07-24', '19:36:27'),
(532, '127.0.0.1', 13, 'Add Medical Record', 'Added medical record for patient id \'8\'', '2023-07-24', '20:02:31'),
(533, '127.0.0.1', 13, 'Login successfully', 'Login successfully', '2023-07-24', '20:06:15'),
(534, '127.0.0.1', 13, 'Login successfully', 'Login successfully', '2023-07-24', '20:06:58'),
(535, '127.0.0.1', 1, 'Generate appointment report', 'Generate appointment report, from \'2023-04-01\' to \'2023-07-31\'', '2023-07-24', '20:07:22'),
(536, '127.0.0.1', 1, 'Generate appointment report', 'Generate appointment report, from \'2023-04-01\' to \'2023-07-31\'', '2023-07-24', '20:08:35'),
(537, '127.0.0.1', 13, 'Login successfully', 'Login successfully', '2023-07-24', '20:08:37'),
(538, '127.0.0.1', 13, 'Login successfully', 'Login successfully', '2023-07-24', '20:11:31'),
(539, '127.0.0.1', 13, 'Login successfully', 'Login successfully', '2023-07-24', '20:11:45'),
(540, '127.0.0.1', 13, 'Login successfully', 'Login successfully', '2023-07-24', '20:11:47'),
(541, '127.0.0.1', 13, 'Login successfully', 'Login successfully', '2023-07-24', '20:13:50'),
(542, '127.0.0.1', 13, 'Login successfully', 'Login successfully', '2023-07-24', '20:16:06'),
(543, '127.0.0.1', 13, 'Login successfully', 'Login successfully', '2023-07-24', '20:26:51'),
(544, '127.0.0.1', 13, 'Login successfully', 'Login successfully', '2023-07-24', '20:26:56'),
(545, '127.0.0.1', 13, 'Login successfully', 'Login successfully', '2023-07-24', '20:27:30'),
(546, '127.0.0.1', 13, 'Login successfully', 'Login successfully', '2023-07-24', '20:27:37'),
(547, '127.0.0.1', 13, 'Login successfully', 'Login successfully', '2023-07-24', '20:27:43'),
(548, '127.0.0.1', 13, 'Login successfully', 'Login successfully', '2023-07-24', '20:28:21'),
(549, '127.0.0.1', 13, 'Login successfully', 'Login successfully', '2023-07-24', '20:28:29'),
(550, '127.0.0.1', 13, 'Login successfully', 'Login successfully', '2023-07-24', '20:29:11'),
(551, '127.0.0.1', 13, 'Login successfully', 'Login successfully', '2023-07-24', '20:29:25'),
(552, '127.0.0.1', 13, 'Login successfully', 'Login successfully', '2023-07-24', '20:29:26'),
(553, '127.0.0.1', 13, 'Login successfully', 'Login successfully', '2023-07-24', '20:39:17'),
(554, '127.0.0.1', 13, 'Login successfully', 'Login successfully', '2023-07-24', '20:39:31'),
(555, '127.0.0.1', 13, 'Login successfully', 'Login successfully', '2023-07-24', '20:42:26'),
(556, '127.0.0.1', 13, 'Login successfully', 'Login successfully', '2023-07-24', '20:47:52'),
(557, '127.0.0.1', 13, 'Update Service Status', 'Updated Service Status', '2023-07-24', '21:35:53'),
(558, '127.0.0.1', 13, 'Add Service', 'Added service record id \'11\'', '2023-07-24', '22:12:29'),
(559, '127.0.0.1', 13, 'Successfully logout', 'Successfully logout', '2023-07-24', '18:12:47'),
(560, '127.0.0.1', 13, 'Successfully login', 'Successfully login', '2023-07-25', '08:46:51'),
(561, '127.0.0.1', 13, 'Login successfully', 'Login successfully', '2023-07-25', '12:47:04'),
(562, '127.0.0.1', 13, 'Login successfully', 'Login successfully', '2023-07-25', '12:47:04'),
(563, '127.0.0.1', 13, 'Login successfully', 'Login successfully', '2023-07-25', '12:47:47'),
(564, '127.0.0.1', 13, 'Add Product', 'Added product name \'teafsa\', id \'6\'', '2023-07-25', '13:01:36'),
(565, '127.0.0.1', 13, 'Delete Stock', 'Delete stock for the product id \'6\', id \'6\'', '2023-07-25', '13:01:50'),
(566, '127.0.0.1', 13, 'Delete Service', 'Delete service for the service id \'11\', id \'11\'', '2023-07-25', '13:09:06'),
(567, '127.0.0.1', 13, 'Update User Status', 'Employee name \'Allen Aduan\', id \'25\', changed user status to \'Active\'', '2023-07-25', '14:52:49'),
(568, '127.0.0.1', 13, 'Update User Status', 'Employee name \'Allen Aduan\', id \'25\', changed user status to \'Inactive\'', '2023-07-25', '14:52:59'),
(569, '127.0.0.1', 13, 'Update User Status', 'Employee name \'Mira Jane\', id \'24\', changed user status to \'Inactive\'', '2023-07-25', '14:59:49'),
(570, '127.0.0.1', 13, 'Successfully logout', 'Successfully logout', '2023-07-25', '11:01:26'),
(571, '127.0.0.1', 22, 'Successfully login', 'Successfully login', '2023-07-25', '11:01:57'),
(572, '127.0.0.1', 13, 'Update User\'s Information', 'Updated username with name \'Shinjiku Kohai\', id \'23\'', '2023-07-25', '15:25:49'),
(573, '127.0.0.1', 22, 'Successfully logout', 'Successfully logout', '2023-07-25', '11:43:19'),
(574, '127.0.0.1', 13, 'Successfully login', 'Successfully login', '2023-07-25', '11:43:24'),
(575, '127.0.0.1', 13, 'Login successfully', 'Login successfully', '2023-07-25', '16:45:21'),
(576, '127.0.0.1', 13, 'Login successfully', 'Login successfully', '2023-07-25', '16:45:37'),
(577, '127.0.0.1', 13, 'Login successfully', 'Login successfully', '2023-07-25', '16:47:16'),
(578, '127.0.0.1', 13, 'Login successfully', 'Login successfully', '2023-07-25', '16:47:28'),
(579, '127.0.0.1', 0, 'Auto Add User', 'Auto Add Users. Id : 9', '2023-07-25', '16:49:12'),
(580, '127.0.0.1', 0, 'Auto Add User', 'Auto Add Users. Id : 10', '2023-07-25', '16:49:12'),
(581, '127.0.0.1', 0, 'Auto Add User', 'Auto Add Users. Id : 11', '2023-07-25', '16:49:12'),
(582, '127.0.0.1', 13, 'Login successfully', 'Login successfully', '2023-07-25', '16:49:14'),
(583, '127.0.0.1', 13, 'Login successfully', 'Login successfully', '2023-07-25', '16:56:08'),
(584, '127.0.0.1', 0, 'Auto Add User', 'Auto Add Users. Id : 12', '2023-07-25', '16:56:16'),
(585, '127.0.0.1', 0, 'Auto Add User', 'Auto Add Users. Id : 13', '2023-07-25', '16:56:16'),
(586, '127.0.0.1', 0, 'Auto Add User', 'Auto Add Users. Id : 14', '2023-07-25', '16:56:16'),
(587, '127.0.0.1', 13, 'Login successfully', 'Login successfully', '2023-07-25', '16:56:17'),
(588, '127.0.0.1', 13, 'Update User Status', 'Employee name \'Allen Aduan\', id \'25\', changed user status to \'Active\'', '2023-07-25', '16:58:03'),
(589, '127.0.0.1', 0, 'Auto Add User', 'Auto Add Users. Id : 15', '2023-07-25', '16:58:05'),
(590, '127.0.0.1', 13, 'Successfully logout', 'Successfully logout', '2023-07-25', '14:00:49'),
(591, '127.0.0.1', 22, 'Successfully login', 'Successfully login', '2023-07-25', '14:01:03'),
(592, '127.0.0.1', 22, 'Login successfully', 'Login successfully', '2023-07-25', '18:08:44'),
(593, '127.0.0.1', 22, 'Login successfully', 'Login successfully', '2023-07-25', '18:08:44'),
(594, '127.0.0.1', 22, 'Login successfully', 'Login successfully', '2023-07-25', '18:25:22'),
(595, '127.0.0.1', 22, 'Login successfully', 'Login successfully', '2023-07-25', '18:28:32'),
(596, '127.0.0.1', 22, 'Login successfully', 'Login successfully', '2023-07-25', '18:29:47'),
(597, '127.0.0.1', 25, 'Login successfully', 'Login successfully', '2023-07-25', '18:51:00'),
(598, '127.0.0.1', 25, 'Login successfully', 'Login successfully', '2023-07-25', '18:51:00'),
(599, '127.0.0.1', 25, 'Login successfully', 'Login successfully', '2023-07-25', '18:52:04'),
(600, '127.0.0.1', 25, 'Login successfully', 'Login successfully', '2023-07-25', '18:52:04'),
(601, '127.0.0.1', 25, 'Login successfully', 'Login successfully', '2023-07-25', '18:53:05'),
(602, '127.0.0.1', 25, 'Login successfully', 'Login successfully', '2023-07-25', '18:53:05'),
(603, '127.0.0.1', 1, 'Login was not successful', 'Someone trying to login with incorrect credentials', '2023-07-25', '18:59:13'),
(604, '127.0.0.1', 22, 'Login successfully', 'Login successfully', '2023-07-25', '19:03:01'),
(605, '127.0.0.1', 22, 'Login successfully', 'Login successfully', '2023-07-25', '19:03:01'),
(606, '127.0.0.1', 22, 'Login successfully', 'Login successfully', '2023-07-25', '19:03:05'),
(607, '127.0.0.1', 22, 'Login successfully', 'Login successfully', '2023-07-25', '19:04:51'),
(608, '127.0.0.1', 22, 'Login successfully', 'Login successfully', '2023-07-25', '19:47:52'),
(609, '127.0.0.1', 22, 'Login successfully', 'Login successfully', '2023-07-25', '19:47:53'),
(610, '127.0.0.1', 22, 'Login successfully', 'Login successfully', '2023-07-25', '19:47:57'),
(611, '127.0.0.1', 22, 'Login successfully', 'Login successfully', '2023-07-25', '19:48:28'),
(612, '127.0.0.1', 22, 'Add User Appointment', 'Add User Appointment  id : 15', '2023-07-25', '19:48:58'),
(613, '127.0.0.1', 22, 'Login successfully', 'Login successfully', '2023-07-25', '19:49:07'),
(614, '127.0.0.1', 22, 'Login successfully', 'Login successfully', '2023-07-25', '19:50:08'),
(615, '127.0.0.1', 22, 'Login successfully', 'Login successfully', '2023-07-25', '19:50:24'),
(616, '127.0.0.1', 22, 'Login successfully', 'Login successfully', '2023-07-25', '19:51:12'),
(617, '127.0.0.1', 22, 'Login successfully', 'Login successfully', '2023-07-25', '19:51:16'),
(618, '127.0.0.1', 22, 'Login successfully', 'Login successfully', '2023-07-25', '19:51:26'),
(619, '127.0.0.1', 22, 'Add User Appointment', 'Add User Appointment  id : 16', '2023-07-25', '20:08:09'),
(620, '127.0.0.1', 22, 'Login successfully', 'Login successfully', '2023-07-25', '20:08:10'),
(621, '127.0.0.1', 13, 'Login successfully', 'Login successfully', '2023-07-25', '20:20:26'),
(622, '127.0.0.1', 13, 'Login successfully', 'Login successfully', '2023-07-25', '20:20:27'),
(623, '127.0.0.1', 13, 'Login successfully', 'Login successfully', '2023-07-25', '20:28:27'),
(624, '127.0.0.1', 22, 'Successfully login', 'Successfully login', '2023-07-25', '16:49:29'),
(625, '127.0.0.1', 13, 'Login successfully', 'Login successfully', '2023-07-25', '21:01:59'),
(626, '127.0.0.1', 22, 'Login successfully', 'Login successfully', '2023-07-25', '21:03:03'),
(627, '127.0.0.1', 22, 'Login successfully', 'Login successfully', '2023-07-25', '21:03:03'),
(628, '127.0.0.1', 22, 'Login successfully', 'Login successfully', '2023-07-25', '21:09:24'),
(629, '127.0.0.1', 22, 'Login successfully', 'Login successfully', '2023-07-25', '21:09:29'),
(630, '127.0.0.1', 22, 'Successfully logout', 'Successfully logout', '2023-07-25', '17:09:39'),
(631, '::1', 1, 'Login was not successful', 'Someone trying to login with incorrect credentials', '2023-08-01', '17:50:23'),
(632, '::1', 13, 'Login successfully', 'Login successfully', '2023-08-01', '17:50:32'),
(633, '::1', 13, 'Login successfully', 'Login successfully', '2023-08-01', '17:50:33'),
(634, '::1', 1, 'Login was not successful', 'Someone trying to login with incorrect credentials', '2023-08-01', '17:55:24'),
(635, '::1', 22, 'Login successfully', 'Login successfully', '2023-08-01', '17:56:10'),
(636, '::1', 22, 'Login successfully', 'Login successfully', '2023-08-01', '17:56:10');

-- --------------------------------------------------------

--
-- Table structure for table `child_report`
--

CREATE TABLE `child_report` (
  `id` int(20) NOT NULL,
  `child_fname` varchar(255) COLLATE utf8_unicode_ci NOT NULL,
  `child_mname` varchar(255) COLLATE utf8_unicode_ci NOT NULL,
  `child_lname` varchar(255) COLLATE utf8_unicode_ci NOT NULL,
  `contact_no` varchar(20) COLLATE utf8_unicode_ci NOT NULL,
  `province` int(20) NOT NULL,
  `city` int(20) NOT NULL,
  `bday` date NOT NULL,
  `gender` enum('Male','Female','LGBTQIA+','') COLLATE utf8_unicode_ci NOT NULL,
  `height` text COLLATE utf8_unicode_ci NOT NULL,
  `weight` text COLLATE utf8_unicode_ci NOT NULL,
  `vaccination` text COLLATE utf8_unicode_ci NOT NULL,
  `created_date` datetime NOT NULL
) ENGINE=InnoDB DEFAULT CHARSET=utf8 COLLATE=utf8_unicode_ci;

--
-- Dumping data for table `child_report`
--

INSERT INTO `child_report` (`id`, `child_fname`, `child_mname`, `child_lname`, `contact_no`, `province`, `city`, `bday`, `gender`, `height`, `weight`, `vaccination`, `created_date`) VALUES
(1, 'Admin', 'Admin', 'One', '09123456789', 1, 39, '1980-04-06', 'Male', '', '', '', '2021-04-19 13:35:55'),
(14, 'Doctor', 'Doctor', 'One', '09123456789', 20, 353, '1999-06-23', 'Male', '', '', '', '2023-03-11 10:21:20'),
(15, 'User', 'User', 'One', '09123456789', 55, 1113, '1999-10-16', 'Male', '', '', '', '2023-03-11 10:50:45'),
(16, 'Nurse', 'Nurse', 'One', '09123456789', 78, 1551, '1999-08-15', 'Female', '', '', '', '2023-03-11 11:31:18'),
(17, 'Staff', 'Staff', 'One', '09123456789', 67, 1385, '2000-06-05', 'Female', '', '', '', '2023-03-11 11:34:03'),
(18, 'Midwife', 'Midwife', 'One', '09123456789', 76, 1527, '1999-12-23', 'Male', '', '', '', '2023-04-12 14:07:59'),
(19, 'Child', 'Child', 'Child', '09123456789', 11, 157, '2013-12-05', 'Male', '', '', '', '2023-04-12 14:34:07'),
(20, 'Child', 'Child', 'Child', '09123456789', 17, 258, '2013-12-05', 'Male', '', '', '', '2023-04-12 14:37:03'),
(21, 'Sample name', 'Sample mname', 'Sample lname', '09123456789', 19, 341, '2017-05-23', 'Male', '3\'7', '39kg', 'Yes', '2023-04-28 23:21:08'),
(26, 'Gasfsaf', 'Sagas', 'Gsagasg', '09360524325', 14, 173, '1991-10-10', 'Male', '21', '32', 'Yes', '2023-07-19 14:45:59');

-- --------------------------------------------------------

--
-- Table structure for table `city_municipality`
--

CREATE TABLE `city_municipality` (
  `id` int(20) NOT NULL,
  `province_id` int(20) NOT NULL,
  `citymunicipality_name` varchar(255) NOT NULL
) ENGINE=InnoDB DEFAULT CHARSET=utf8;

--
-- Dumping data for table `city_municipality`
--

INSERT INTO `city_municipality` (`id`, `province_id`, `citymunicipality_name`) VALUES
(7, 2, 'Bangued'),
(8, 2, 'Daguioman'),
(9, 2, 'Lacub'),
(10, 1, 'Angono'),
(11, 1, 'Cainta'),
(12, 1, 'Pililla'),
(13, 2, 'Boliney'),
(14, 2, 'Bucay'),
(15, 2, 'Bucloc'),
(16, 2, 'Danglas'),
(17, 2, 'Dolores'),
(18, 2, 'La Paz'),
(19, 2, 'Lagangilang'),
(20, 2, 'Lagayan'),
(21, 2, 'Langiden'),
(22, 2, 'Licuan-Baay (Licuan)'),
(23, 2, 'Luba'),
(24, 2, 'Malibcong'),
(25, 2, 'Manabo'),
(26, 2, 'Pe&ntilde;arrubia'),
(27, 2, 'Pidigan'),
(28, 2, 'Pilar'),
(29, 2, 'Sallapadan'),
(30, 2, 'San Isidro'),
(31, 2, 'San Juan'),
(32, 2, 'San Quintin'),
(33, 2, 'Tayum'),
(34, 2, 'Tineg'),
(35, 2, 'Tubo'),
(36, 2, 'Villaviciosa'),
(37, 1, 'Antipolo'),
(38, 1, 'Baras'),
(39, 1, 'Binangonan'),
(40, 1, 'Cardona'),
(41, 1, 'Jalajala'),
(42, 1, 'Morong'),
(43, 1, 'Rodriguez (Montalban)'),
(44, 1, 'San Mateo'),
(45, 1, 'Tanay'),
(46, 1, 'Taytay'),
(47, 1, 'Teresa'),
(48, 3, 'Buenavista'),
(49, 3, 'Butuan'),
(50, 3, 'Cabadbaran'),
(51, 3, 'Carmen'),
(52, 3, 'Jabonga'),
(53, 3, 'Kitcharao'),
(54, 3, 'Las Nieves'),
(55, 3, 'Magallanes'),
(56, 3, 'Nasipit'),
(57, 3, 'Remedios T. Romualdez'),
(58, 3, 'Santiago'),
(59, 3, 'Tubay'),
(60, 4, 'Bayugan'),
(61, 4, 'Bunawan'),
(62, 4, 'Esperanza'),
(63, 4, 'La Paz'),
(64, 4, 'Loreto'),
(65, 4, 'Prosperidad'),
(66, 4, 'Rosario'),
(67, 4, 'San Francisco'),
(68, 4, 'San Luis'),
(69, 4, 'Santa Josefa'),
(70, 4, 'Sibagat'),
(71, 4, 'Talacogon'),
(72, 4, 'Trento'),
(73, 4, 'Veruela'),
(74, 5, 'Altavas'),
(75, 5, 'Banga'),
(76, 5, 'Buruanga'),
(77, 5, 'Kalibo'),
(78, 5, 'Libacao'),
(79, 5, 'Makato'),
(80, 5, 'Malinao'),
(81, 5, 'New Washington'),
(82, 5, 'Tangalan'),
(83, 5, 'Balete'),
(84, 5, 'Batan'),
(85, 5, 'Ibajay'),
(86, 5, 'Lezo'),
(87, 5, 'Madalag'),
(88, 5, 'Malay'),
(89, 5, 'Nabas'),
(90, 5, 'Numancia'),
(91, 7, 'Anini-y'),
(92, 7, 'Belison'),
(93, 7, 'Caluya'),
(94, 7, 'Hamtic'),
(95, 7, 'Libertad'),
(96, 7, 'Patnongon'),
(97, 7, 'San Remigio'),
(98, 7, 'Sibalom'),
(99, 7, 'Tobias Fornier (Dao)'),
(100, 7, 'Barbaza'),
(101, 7, 'Bugasong'),
(102, 7, 'Culasi'),
(103, 7, 'Laua-an'),
(104, 7, 'Pandan'),
(105, 7, 'San Jose de Buenavista'),
(106, 7, 'Sebaste'),
(107, 7, 'Tibiao'),
(108, 7, 'Valderrama'),
(109, 6, 'Bacacay'),
(110, 6, 'Daraga (Locsin)'),
(111, 6, 'Jovellar'),
(112, 6, 'Libon'),
(113, 6, 'Malilipot'),
(114, 6, 'Manito'),
(115, 6, 'Pio Duran'),
(116, 6, 'Rapu-Rapu'),
(117, 6, 'Tabaco'),
(118, 6, 'Camalig'),
(119, 6, 'Guinobatan'),
(120, 6, 'Legazpi'),
(121, 6, 'Ligao'),
(122, 6, 'Malinao'),
(123, 6, 'Oas'),
(124, 6, 'Polangui'),
(125, 6, 'Santo Domingo'),
(126, 6, 'Tiwi'),
(127, 8, 'Calanasan'),
(128, 8, 'Flora'),
(129, 8, 'Luna'),
(130, 8, 'Santa Marcela'),
(131, 8, 'Conner'),
(132, 8, 'Kabugao'),
(133, 8, 'Pudtol'),
(134, 9, 'Baler'),
(135, 9, 'Dilasag'),
(136, 9, 'Dingalan'),
(137, 9, 'Maria Aurora'),
(138, 9, 'Casiguran'),
(139, 9, 'Dinalungan'),
(140, 9, 'Dipaculao'),
(141, 9, 'San Luis'),
(142, 12, 'Akbar'),
(143, 12, 'Hadji Mohammad Ajul'),
(144, 12, 'Isabela City'),
(145, 12, 'Lantawan'),
(146, 12, 'Sumisip'),
(147, 12, 'Tipo-Tipo'),
(148, 12, 'Ungkaya Pukan'),
(149, 12, 'Al-Barka'),
(150, 12, 'Hadji Muhtamad'),
(151, 12, 'Lamitan'),
(152, 12, 'Maluso'),
(153, 12, 'Tabuan-Lasa'),
(154, 12, 'Tuburan'),
(155, 11, 'Samal'),
(156, 11, 'Abucay'),
(157, 11, 'Balanga'),
(158, 11, 'Hermosa'),
(159, 11, 'Mariveles'),
(160, 11, 'Orani'),
(161, 11, 'Pilar'),
(162, 11, 'Bagac'),
(163, 11, 'Dinalupihan'),
(164, 11, 'Limay'),
(165, 11, 'Morong'),
(166, 11, 'Orion'),
(167, 13, 'Basco'),
(168, 13, 'Ivana'),
(169, 13, 'Sabtang'),
(170, 13, 'Itbayat'),
(171, 13, 'Mahatao'),
(172, 13, 'Uyugan'),
(173, 14, 'Agoncillo'),
(174, 14, 'Balayan'),
(175, 14, 'Batangas City'),
(176, 14, 'Calaca'),
(177, 14, 'Cuenca'),
(178, 14, 'Laurel'),
(179, 14, 'Lian'),
(180, 14, 'Lobo'),
(181, 14, 'Malvar'),
(182, 14, 'Nasugbu'),
(183, 14, 'Rosario'),
(184, 14, 'San Juan'),
(185, 14, 'San Nicolas'),
(186, 14, 'Santa Teresita'),
(187, 14, 'Taal'),
(188, 14, 'Tanauan'),
(189, 14, 'Tingloy'),
(190, 14, 'Alitagtag'),
(191, 14, 'Balete'),
(192, 14, 'Bauan'),
(193, 14, 'Calatagan'),
(194, 14, 'Ibaan'),
(195, 14, 'Lemery'),
(196, 14, 'Lipa'),
(197, 14, 'Mabini'),
(198, 14, 'Mataasnakahoy'),
(199, 14, 'Padre Garcia'),
(200, 14, 'San Jose'),
(201, 14, 'San Luis'),
(202, 14, 'San Pascual'),
(203, 14, 'Santo Tomas'),
(204, 14, 'Talisay'),
(205, 14, 'Taysan'),
(206, 14, 'Tuy'),
(207, 15, 'Atok'),
(208, 15, 'Bakun'),
(209, 15, 'Buguias'),
(210, 15, 'Kabayan'),
(211, 15, 'Kibungan'),
(212, 15, 'Mankayan'),
(213, 15, 'Tuba'),
(214, 15, 'Baguio'),
(215, 15, 'Bokod'),
(216, 15, 'Itogon'),
(217, 15, 'Kapangan'),
(218, 15, 'La Trinidad'),
(219, 15, 'Sablan'),
(220, 15, 'Tublay'),
(221, 16, 'Almeria'),
(222, 16, 'Cabucgayan'),
(223, 16, 'Culaba'),
(224, 16, 'Maripipi'),
(225, 16, 'Biliran'),
(226, 16, 'Caibiran'),
(227, 16, 'Kawayan'),
(228, 16, 'Naval'),
(229, 17, 'Alburquerque'),
(230, 17, 'Anda'),
(231, 17, 'Baclayon'),
(232, 17, 'Batuan'),
(233, 17, 'Bilar'),
(234, 17, 'Calape'),
(235, 17, 'Carmen'),
(236, 17, 'Clarin'),
(237, 17, 'Cortes'),
(238, 17, 'Danao'),
(239, 17, 'Dimiao'),
(240, 17, 'Garcia Hernandez'),
(241, 17, 'Guindulman'),
(242, 17, 'Jagna'),
(243, 17, 'Loay'),
(244, 17, 'Loon'),
(245, 17, 'Maribojoc'),
(246, 17, 'Pilar'),
(247, 17, 'Sagbayan (Borja)'),
(248, 17, 'San Miguel'),
(249, 17, 'Sierra Bullones'),
(250, 17, 'Tagbilaran'),
(251, 17, 'Trinidad'),
(252, 17, 'Ubay'),
(253, 17, 'Alicia'),
(254, 17, 'Antequera'),
(255, 17, 'Balilihan'),
(256, 17, 'Bien Unido'),
(257, 17, 'Buenavista'),
(258, 17, 'Candijay'),
(259, 17, 'Catigbian'),
(260, 17, 'Corella'),
(261, 17, 'Dagohoy'),
(262, 17, 'Dauis'),
(263, 17, 'Duero'),
(264, 17, 'Getafe'),
(265, 17, 'Inabanga'),
(266, 17, 'Lila'),
(267, 17, 'Loboc'),
(268, 17, 'Mabini'),
(269, 17, 'Panglao'),
(270, 17, 'President Carlos P. Garcia (Pitogo)'),
(271, 17, 'San Isidro'),
(272, 17, 'Sevilla'),
(273, 17, 'Sikatuna'),
(274, 17, 'Talibon'),
(275, 17, 'Tubigon'),
(276, 18, 'Baungon'),
(277, 18, 'Damulog'),
(278, 18, 'Don Carlos'),
(279, 18, 'Kadingilan'),
(280, 18, 'Kibawe'),
(281, 18, 'Lantapan'),
(282, 18, 'Malaybalay'),
(283, 18, 'Manolo Fortich'),
(284, 18, 'Pangantucan'),
(285, 18, 'San Fernando'),
(286, 18, 'Talakag'),
(287, 18, 'Cabanglasan'),
(288, 18, 'Dangcagan'),
(289, 18, 'Impasugong'),
(290, 18, 'Kalilangan'),
(291, 18, 'Kitaotao'),
(292, 18, 'Libona'),
(293, 18, 'Malitbog'),
(294, 18, 'Maramag'),
(295, 18, 'Quezon'),
(296, 18, 'Sumilao'),
(297, 18, 'Valencia'),
(322, 19, 'Angat'),
(323, 19, 'Baliuag'),
(324, 19, 'Bulakan'),
(325, 19, 'Calumpit'),
(326, 19, 'Guiguinto'),
(327, 19, 'Malolos'),
(328, 19, 'Meycauayan'),
(329, 19, 'Obando'),
(330, 19, 'Paombong'),
(331, 19, 'Pulilan'),
(332, 19, 'San Jose del Monte'),
(333, 19, 'San Rafael'),
(334, 19, 'Balagtas (Bigaa)'),
(335, 19, 'Bocaue'),
(336, 19, 'Bustos'),
(337, 19, 'Do&ntilde;a Remedios Trinidad'),
(338, 19, 'Hagonoy'),
(339, 19, 'Marilao'),
(340, 19, 'Norzagaray'),
(341, 19, 'Pandi'),
(342, 19, 'Plaridel'),
(343, 19, 'San Ildefonso'),
(344, 19, 'San Miguel'),
(345, 19, 'Santa Maria'),
(346, 20, 'Abulug'),
(347, 20, 'Allacapan'),
(348, 20, 'Aparri'),
(349, 20, 'Ballesteros'),
(350, 20, 'Calayan'),
(351, 20, 'Claveria'),
(352, 20, 'Gattaran'),
(353, 20, 'Iguig'),
(354, 20, 'Lasam'),
(355, 20, 'Pe&ntilde;ablanca'),
(356, 20, 'Rizal'),
(357, 20, 'Santa Ana'),
(358, 20, 'Santa Teresita'),
(359, 20, 'Solana'),
(360, 20, 'Tuguegarao'),
(361, 20, 'Alcala'),
(362, 20, 'Amulung'),
(363, 20, 'Baggao'),
(364, 20, 'Buguey'),
(365, 20, 'Camalaniugan'),
(366, 20, 'Enrile'),
(367, 20, 'Gonzaga'),
(368, 20, 'Lal-lo'),
(369, 20, 'Pamplona'),
(370, 20, 'Piat'),
(371, 20, 'Sanchez-Mira'),
(372, 20, 'Santa Praxedes'),
(373, 20, 'Santo Ni&ntilde;o (Faire)'),
(374, 20, 'Tuao'),
(375, 21, 'Basud'),
(376, 21, 'Daet'),
(377, 21, 'Labo'),
(378, 21, 'Paracale'),
(379, 21, 'San Vicente'),
(380, 21, 'Talisay'),
(381, 21, 'Capalonga'),
(382, 21, 'Jose Panganiban'),
(383, 21, 'Mercedes'),
(384, 21, 'San Lorenzo Ruiz (Imelda)'),
(385, 21, 'Santa Elena'),
(386, 21, 'Vinzons'),
(387, 22, 'Baao'),
(388, 22, 'Bato'),
(389, 22, 'Buhi'),
(390, 22, 'Cabusao'),
(391, 22, 'Camaligan'),
(392, 22, 'Caramoan'),
(393, 22, 'Gainza'),
(394, 22, 'Goa'),
(395, 22, 'Lagonoy'),
(396, 22, 'Lupi'),
(397, 22, 'Milaor'),
(398, 22, 'Nabua'),
(399, 22, 'Ocampo'),
(400, 22, 'Pasacao'),
(401, 22, 'Presentaci&oacute;n (Parubcan'),
(402, 22, 'Sag&ntilde;ay'),
(403, 22, 'San Jose'),
(404, 22, 'Siruma'),
(405, 22, 'Tinambac'),
(406, 22, 'Balatan'),
(407, 22, 'Bombon'),
(408, 22, 'Bula'),
(409, 22, 'Calabanga'),
(410, 22, 'Canaman'),
(411, 22, 'Del Gallego'),
(412, 22, 'Garchitorena'),
(413, 22, 'Iriga'),
(414, 22, 'Libmanan'),
(415, 22, 'Magarao'),
(416, 22, 'Minalabac'),
(417, 22, 'Naga'),
(418, 22, 'Pamplona'),
(419, 22, 'Pili'),
(420, 22, 'Ragay'),
(421, 22, 'San Fernando'),
(422, 22, 'Sipocot'),
(423, 22, 'Tigaon'),
(424, 23, 'Catarman'),
(425, 23, 'Mahinog'),
(426, 23, 'Sagay'),
(427, 23, 'Guinsiliban'),
(428, 23, 'Mambajao'),
(429, 24, 'Cuartero'),
(430, 24, 'Dumalag'),
(431, 24, 'Ivisan'),
(432, 24, 'Ma-ayon'),
(433, 24, 'Panay'),
(434, 24, 'Pilar'),
(435, 24, 'President Roxas'),
(436, 24, 'Sapian'),
(437, 24, 'Tapaz'),
(438, 24, 'Dao'),
(439, 24, 'Dumarao'),
(440, 24, 'Jamindan'),
(441, 24, 'Mambusao'),
(442, 24, 'Panitan'),
(443, 24, 'Pontevedra'),
(444, 24, 'Roxas City'),
(445, 24, 'Sigma'),
(446, 25, 'Bagamanoc'),
(447, 25, 'Bato'),
(448, 25, 'Gigmoto'),
(449, 25, 'Panganiban (Payo)'),
(450, 25, 'San Miguel'),
(451, 25, 'Virac'),
(452, 25, 'Baras'),
(453, 25, 'Caramoran'),
(454, 25, 'Pandan'),
(455, 25, 'San Andres (Calolbon)'),
(456, 25, 'Viga'),
(457, 26, 'Alfonso'),
(458, 26, 'Bacoor'),
(459, 26, 'Cavite City'),
(460, 26, 'General Emilio Aguinaldo'),
(461, 26, 'General Trias'),
(462, 26, 'Indang'),
(463, 26, 'Magallanes'),
(464, 26, 'Mendez (Mendez-Nu&ntilde;ez)'),
(465, 26, 'Noveleta'),
(466, 26, 'Silang'),
(467, 26, 'Tanza'),
(468, 26, 'Trece Martires'),
(469, 26, 'Amadeo'),
(470, 26, 'Carmona'),
(471, 26, 'Dasmari&ntilde;as'),
(472, 26, 'General Mariano Alvarez'),
(473, 26, 'Imus'),
(474, 26, 'Kawit'),
(475, 26, 'Maragondon'),
(476, 26, 'Naic'),
(477, 26, 'Rosario'),
(478, 26, 'Tagaytay'),
(479, 26, 'Ternate'),
(480, 27, 'Alcantara'),
(481, 27, 'Alegria'),
(482, 27, 'Argao'),
(483, 27, 'Badian'),
(484, 27, 'Bantayan'),
(485, 27, 'Bogo'),
(486, 27, 'Borbon'),
(487, 27, 'Carmen'),
(488, 27, 'Cebu City'),
(489, 27, 'Consolacion'),
(490, 27, 'Daanbantayan'),
(491, 27, 'Danao'),
(492, 27, 'Ginatilan'),
(493, 27, 'Liloan'),
(494, 27, 'Malabuyoc'),
(495, 27, 'Medellin'),
(496, 27, 'Moalboal'),
(497, 27, 'Oslob'),
(498, 27, 'Pinamungajan'),
(499, 27, 'Ronda'),
(500, 27, 'San Fernando'),
(501, 27, 'San Remigio'),
(502, 27, 'Santander'),
(503, 27, 'Sogod'),
(504, 27, 'Tabuelan'),
(505, 27, 'Toledo'),
(506, 27, 'Tudela'),
(507, 27, 'Alcoy'),
(508, 27, 'Aloguinsan'),
(509, 27, 'Asturias'),
(510, 27, 'Balamban'),
(511, 27, 'Barili'),
(512, 27, 'Boljoon'),
(513, 27, 'Carcar'),
(514, 27, 'Catmon'),
(515, 27, 'Compostela'),
(516, 27, 'Cordova'),
(517, 27, 'Dalaguete'),
(518, 27, 'Dumanjug'),
(519, 27, 'Lapu-Lapu (Opon)'),
(520, 27, 'Madridejos'),
(521, 27, 'Mandaue'),
(522, 27, 'Minglanilla'),
(523, 27, 'Naga'),
(524, 24, 'Pilar'),
(525, 27, 'Poro'),
(526, 27, 'Samboan'),
(527, 27, 'San Francisco'),
(528, 27, 'Santa Fe'),
(529, 27, 'Sibonga'),
(530, 27, 'Tabogon'),
(531, 27, 'Talisay'),
(532, 27, 'Tuburan'),
(533, 28, 'Alamada'),
(534, 28, 'Antipas'),
(535, 28, 'Banisilan'),
(536, 28, 'Kabacan'),
(537, 28, 'Libungan'),
(538, 28, 'Magpet'),
(539, 28, 'Matalam'),
(540, 28, 'Pigcawayan'),
(541, 28, 'President Roxas'),
(542, 28, 'Aleosan'),
(543, 28, 'Arakan'),
(544, 28, 'Carmen'),
(545, 28, 'Kidapawan'),
(546, 28, 'M\'lang'),
(547, 28, 'Makilala'),
(548, 28, 'Midsayap'),
(549, 28, 'Pikit'),
(550, 28, 'Tulunan'),
(551, 29, 'New Bataan'),
(552, 29, 'Compostela'),
(553, 29, 'Mabini (Do&ntilde;a Alicia)'),
(554, 29, 'Maragusan (San Mariano)'),
(555, 29, 'Monkayo'),
(556, 29, 'Nabunturan'),
(557, 29, 'Pantukan'),
(558, 29, 'Laak (San Vicente)'),
(559, 29, 'Maco'),
(560, 29, 'Mawab'),
(561, 29, 'Montevista'),
(562, 30, 'Asuncion (Saug)'),
(563, 30, 'Carmen'),
(564, 30, 'New Corella'),
(565, 30, 'Samal'),
(566, 30, 'Santo Tomas'),
(567, 30, 'Talaingod'),
(568, 30, 'Braulio E. Dujali'),
(569, 30, 'Kapalong'),
(570, 30, 'Panabo'),
(571, 30, 'San Isidro'),
(572, 30, 'Tagum'),
(573, 31, 'Santa Cruz'),
(574, 31, 'Bansalan'),
(575, 31, 'Digos'),
(576, 31, 'Kiblawan'),
(577, 31, 'Malalag'),
(578, 31, 'Padada'),
(579, 31, 'Sulop'),
(580, 31, 'Davao City'),
(581, 31, 'Hagonoy'),
(582, 31, 'Magsaysay'),
(583, 31, 'Matanao'),
(584, 32, 'Don Marcelino'),
(585, 32, 'Malita'),
(586, 32, 'Sarangani'),
(587, 32, 'Jose Abad Santos (Trinidad)'),
(588, 32, 'Santa Maria'),
(589, 33, 'Baganga'),
(590, 33, 'Boston'),
(591, 33, 'Cateel'),
(592, 33, 'Lupon'),
(593, 33, 'Mati'),
(594, 33, 'Tarragona'),
(595, 33, 'Banaybanay'),
(596, 33, 'Caraga'),
(597, 33, 'Governor Generoso'),
(598, 33, 'Manay'),
(599, 33, 'San Isidro'),
(600, 34, 'Basilisa (Rizal)'),
(601, 34, 'Dinagat'),
(602, 34, 'Loreto'),
(603, 34, 'Tubajon'),
(604, 34, 'Cagdianao'),
(605, 34, 'Libjo (Albor)'),
(606, 34, 'San Jose'),
(607, 35, 'Arteche'),
(608, 35, 'Balangkayan'),
(609, 35, 'Can-avid'),
(610, 35, 'General MacArthur'),
(611, 35, 'Guiuan'),
(612, 35, 'Jipapad'),
(613, 35, 'Llorente'),
(614, 35, 'Maydolong'),
(615, 35, 'Oras'),
(616, 35, 'Salcedo'),
(617, 35, 'San Policarpo'),
(618, 35, 'Taft'),
(619, 35, 'Balangiga'),
(620, 35, 'Borongan'),
(621, 35, 'Dolores'),
(622, 35, 'Giporlos'),
(623, 35, 'Hernani'),
(624, 35, 'Lawaan'),
(625, 35, 'Maslog'),
(626, 35, 'Mercedes'),
(627, 35, 'Quinapondan'),
(628, 35, 'San Julian'),
(629, 35, 'Sulat'),
(630, 36, 'Buenavista'),
(631, 36, 'Nueva Valencia'),
(632, 36, 'Sibunag'),
(633, 36, 'Jordan'),
(634, 36, 'San Lorenzo'),
(635, 37, 'Aguinaldo'),
(636, 37, 'Asipulo'),
(637, 37, 'Hingyon'),
(638, 37, 'Kiangan'),
(639, 37, 'Lamut'),
(640, 37, 'Tinoc'),
(641, 37, 'Alfonso Lista (Potia)'),
(642, 37, 'Banaue'),
(643, 37, 'Hungduan'),
(644, 37, 'Lagawe'),
(645, 37, 'Mayoyao'),
(646, 38, 'Adams'),
(647, 38, 'Badoc'),
(648, 38, 'Banna (Espiritu)'),
(649, 38, 'Burgos'),
(650, 38, 'Currimao'),
(651, 38, 'Dumalneg'),
(652, 38, 'Marcos'),
(653, 38, 'Pagudpud'),
(654, 38, 'Pasuquin'),
(655, 38, 'Pinili'),
(656, 38, 'Sarrat'),
(657, 38, 'Vintar'),
(658, 38, 'Bacarra'),
(659, 38, 'Bangui'),
(660, 38, 'Batac'),
(661, 38, 'Carasi'),
(662, 38, 'Dingras'),
(663, 38, 'Laoag'),
(664, 38, 'Nueva Era'),
(665, 38, 'Paoay'),
(666, 38, 'Piddig'),
(667, 38, 'San Nicolas'),
(668, 38, 'Solsona'),
(669, 39, 'Alilem'),
(670, 39, 'Bantay'),
(671, 39, 'Cabugao'),
(672, 39, 'Caoayan'),
(673, 39, 'Galimuyod'),
(674, 39, 'Lidlidda'),
(675, 39, 'Nagbukel'),
(676, 39, 'Quirino (Angkaki)'),
(677, 39, 'San Emilio'),
(678, 39, 'San Ildefonso'),
(679, 39, 'San Vicente'),
(680, 39, 'Santa Catalina'),
(681, 39, 'Santa Lucia'),
(682, 39, 'Santiago'),
(683, 39, 'Sigay'),
(684, 39, 'Sugpon'),
(685, 39, 'Tagudin'),
(686, 39, 'Banayoyo'),
(687, 39, 'Burgos'),
(688, 39, 'Candon'),
(689, 39, 'Cervantes'),
(690, 39, 'Gregorio del Pilar (Concepcion)'),
(691, 39, 'Magsingal'),
(692, 39, 'Narvacan'),
(693, 39, 'Salcedo (Baugen)'),
(694, 39, 'San Esteban'),
(695, 39, 'San Juan (Lapog)'),
(696, 39, 'Santa'),
(697, 39, 'Santa Cruz'),
(698, 39, 'Santa Maria'),
(699, 39, 'Santo Domingo'),
(700, 39, 'Sinait'),
(701, 39, 'Suyo'),
(702, 39, 'Vigan'),
(703, 40, 'Ajuy'),
(704, 40, 'Anilao'),
(705, 40, 'Balasan'),
(706, 40, 'Barotac Nuevo'),
(707, 40, 'Batad'),
(708, 40, 'Cabatuan'),
(709, 40, 'Carles'),
(710, 40, 'Dingle'),
(711, 40, 'Dumangas'),
(712, 40, 'Guimbal'),
(713, 40, 'Iloilo City'),
(714, 40, 'Lambunao'),
(715, 40, 'Lemery'),
(716, 40, 'Maasin'),
(717, 40, 'Mina'),
(718, 40, 'Oton'),
(719, 40, 'Pavia'),
(720, 40, 'San Dionisio'),
(721, 40, 'San Joaquin'),
(722, 40, 'San Rafael'),
(723, 40, 'Sara'),
(724, 40, 'Tubungan'),
(725, 40, 'Alimodian'),
(726, 40, 'Badiangan'),
(727, 40, 'Banate'),
(728, 40, 'Barotac Viejo'),
(729, 40, 'Bingawan'),
(730, 40, 'Calinog'),
(731, 40, 'Concepcion'),
(732, 40, 'Due&ntilde;as'),
(733, 40, 'Estancia'),
(734, 40, 'Igbaras'),
(735, 40, 'Janiuay'),
(736, 40, 'Leganes'),
(737, 40, 'Leon'),
(738, 40, 'Miagao'),
(739, 40, 'New Lucena'),
(740, 40, 'Passi'),
(741, 40, 'Pototan'),
(742, 40, 'San Enrique'),
(743, 40, 'San Miguel'),
(744, 40, 'Santa Barbara'),
(745, 40, 'Tigbauan'),
(746, 40, 'Zarraga'),
(747, 41, 'Alicia'),
(748, 41, 'Aurora'),
(749, 41, 'Burgos'),
(750, 41, 'Cabatuan'),
(751, 41, 'Cordon'),
(752, 41, 'Dinapigue'),
(753, 41, 'Echague'),
(754, 41, 'Ilagan'),
(755, 41, 'Luna'),
(756, 41, 'Mallig'),
(757, 41, 'Palanan'),
(758, 41, 'Quirino'),
(759, 41, 'Reina Mercedes'),
(760, 41, 'San Agustin'),
(761, 41, 'San Isidro'),
(762, 41, 'San Mariano'),
(763, 41, 'San Pablo'),
(764, 41, 'Santiago'),
(765, 41, 'Tumauini'),
(766, 41, 'Angadanan'),
(767, 41, 'Benito Soliven'),
(768, 41, 'Cabagan'),
(769, 41, 'Cauayan'),
(770, 41, 'Delfin Albano (Magsaysay)'),
(771, 41, 'Divilacan'),
(772, 41, 'Gamu'),
(773, 41, 'Jones'),
(774, 41, 'Maconacon'),
(775, 41, 'Naguilian'),
(776, 41, 'Quezon'),
(777, 41, 'Ramon'),
(778, 41, 'Roxas'),
(779, 41, 'San Guillermo'),
(780, 41, 'San Manuel (Callang)'),
(781, 41, 'San Mateo'),
(782, 41, 'Santa Maria'),
(783, 41, 'Santo Tomas'),
(784, 42, 'Balbalan'),
(785, 42, 'Pasil'),
(786, 42, 'Rizal (Liwan)'),
(787, 42, 'Tanudan'),
(788, 42, 'Lubuagan'),
(789, 42, 'Pinukpuk'),
(790, 42, 'Tabuk'),
(791, 42, 'Tinglayan'),
(792, 43, 'Agoo'),
(793, 43, 'Bacnotan'),
(794, 43, 'Balaoan'),
(795, 43, 'Bauang'),
(796, 43, 'Caba'),
(797, 43, 'Naguilian'),
(798, 43, 'Rosario'),
(799, 43, 'San Gabriel'),
(800, 43, 'Santo Tomas'),
(801, 43, 'Sudipen'),
(802, 43, 'Aringay'),
(803, 43, 'Bagulin'),
(804, 43, 'Bangar'),
(805, 43, 'Burgos'),
(806, 43, 'Luna'),
(807, 43, 'Pugo'),
(808, 43, 'San Fernando'),
(809, 43, 'San Juan'),
(810, 43, 'Santol'),
(811, 43, 'Tubao'),
(812, 44, 'Alaminos'),
(813, 44, 'Bi&ntilde;an'),
(814, 44, 'Calamba'),
(815, 44, 'Cavinti'),
(816, 44, 'Kalayaan'),
(817, 44, 'Los Ba&ntilde;os'),
(818, 44, 'Lumban'),
(819, 44, 'Magdalena'),
(820, 44, 'Nagcarlan'),
(821, 44, 'Pagsanjan'),
(822, 44, 'Pangil'),
(823, 44, 'Rizal'),
(824, 44, 'San Pedro'),
(825, 44, 'Santa Maria'),
(826, 44, 'Siniloan'),
(827, 44, 'Bay'),
(828, 44, 'Cabuyao'),
(829, 44, 'Calauan'),
(830, 44, 'Famy'),
(831, 44, 'Liliw'),
(832, 44, 'Luisiana'),
(833, 44, 'Mabitac'),
(834, 44, 'Majayjay'),
(835, 44, 'Paete'),
(836, 44, 'Pakil'),
(837, 44, 'Pila'),
(838, 44, 'San Pablo'),
(839, 44, 'Santa Cruz'),
(840, 44, 'Santa Rosa'),
(841, 44, 'Victoria'),
(842, 45, 'Tangcal'),
(843, 45, 'Bacolod'),
(844, 45, 'Baroy'),
(845, 45, 'Kapatagan'),
(846, 45, 'Kolambugan'),
(847, 45, 'Linamon'),
(848, 45, 'Maigo'),
(849, 45, 'Munai'),
(850, 45, 'Pantao Ragat'),
(851, 45, 'Poona Piagapo'),
(852, 45, 'Sapad'),
(853, 45, 'Tagoloan'),
(854, 45, 'Tubod'),
(855, 45, 'Baloi'),
(856, 45, 'Iligan'),
(857, 45, 'Kauswagan'),
(858, 45, 'Lala'),
(859, 45, 'Magsaysay'),
(860, 45, 'Matungao'),
(861, 45, 'Nunungan'),
(862, 45, 'Pantar'),
(863, 45, 'Salvador'),
(864, 45, 'Sultan Naga Dimaporo (Karomatan)'),
(865, 46, 'Amai Manabilang (Bumbaran)'),
(866, 46, 'Balabagan'),
(867, 46, 'Bayang'),
(868, 46, 'Buadiposo-Buntong'),
(869, 46, 'Butig'),
(870, 46, 'Ditsaan-Ramain'),
(871, 46, 'Kapai'),
(872, 46, 'Lumba-Bayabao (Maguing)'),
(873, 46, 'Lumbatan'),
(874, 46, 'Madalum'),
(875, 46, 'Maguing'),
(876, 46, 'Marantao'),
(877, 46, 'Marogong'),
(878, 46, 'Mulondo'),
(879, 46, 'Piagapo'),
(880, 46, 'Poona Bayabao (Gata)'),
(881, 46, 'Saguiaran'),
(882, 46, 'Tagoloan II'),
(883, 46, 'Taraka'),
(884, 46, 'Tugaya'),
(885, 46, 'Bacolod-Kalawi (Bacolod-Grande)'),
(886, 46, 'Balindong (Watu)'),
(887, 46, 'Binidayan'),
(888, 46, 'Bubong'),
(889, 46, 'Calanogas'),
(890, 46, 'Ganassi'),
(891, 46, 'Kapatagan'),
(892, 46, 'Lumbaca-Unayan'),
(893, 46, 'Lumbayanague'),
(894, 46, 'Madamba'),
(895, 46, 'Malabang'),
(896, 46, 'Marawi'),
(897, 46, 'Masiu'),
(898, 46, 'Pagayawan (Tatarikan)'),
(899, 46, 'Picong (Sultan Gumander)'),
(900, 46, 'Pualas'),
(901, 46, 'Sultan Dumalondong'),
(902, 46, 'Tamparan'),
(903, 46, 'Tubaran'),
(904, 46, 'Wao'),
(905, 47, 'Abuyog'),
(906, 47, 'Albuera'),
(907, 47, 'Barugo'),
(908, 47, 'Baybay'),
(909, 47, 'Calubian'),
(910, 47, 'Carigara'),
(911, 47, 'Dulag'),
(912, 47, 'Hindang'),
(913, 47, 'Isabel'),
(914, 47, 'Javier (Bugho)'),
(915, 47, 'Kananga'),
(916, 47, 'Leyte'),
(917, 47, 'Mahaplag'),
(918, 47, 'Matalom'),
(919, 47, 'Merida'),
(920, 47, 'Palo'),
(921, 47, 'Pastrana'),
(922, 47, 'San Miguel'),
(923, 47, 'Tabango'),
(924, 47, 'Tacloban'),
(925, 47, 'Tolosa'),
(926, 47, 'Villaba'),
(927, 47, 'Alangalang'),
(928, 47, 'Babatngon'),
(929, 47, 'Bato'),
(930, 47, 'Burauen'),
(931, 47, 'Capoocan'),
(932, 47, 'Dagami'),
(933, 47, 'Hilongos'),
(934, 47, 'Inopacan'),
(935, 47, 'Jaro'),
(936, 47, 'Julita'),
(937, 47, 'La Paz'),
(938, 47, 'MacArthur'),
(939, 47, 'Matag-ob'),
(940, 47, 'Mayorga'),
(941, 47, 'Ormoc'),
(942, 47, 'Palompon'),
(943, 47, 'San Isidro'),
(944, 47, 'Santa Fe'),
(945, 47, 'Tabontabon'),
(946, 47, 'Tanauan'),
(947, 47, 'Tunga'),
(948, 48, 'Ampatuan'),
(949, 48, 'Buldon'),
(950, 48, 'Cotabato City'),
(951, 48, 'Datu Anggal Midtimbang'),
(952, 48, 'Datu Hoffer Ampatuan'),
(953, 48, 'Datu Odin Sinsuat (Dinaig)'),
(954, 48, 'Datu Piang (Dulawan)'),
(955, 48, 'Datu Saudi-Ampatuan'),
(956, 48, 'General Salipada K. Pendatun'),
(957, 48, 'Kabuntalan (Tumbao)'),
(958, 48, 'Mangudadatu'),
(959, 48, 'Northern Kabuntalan'),
(960, 48, 'Paglat'),
(961, 48, 'Parang'),
(962, 48, 'Shariff Aguak (Maganoy)'),
(963, 48, 'South Upi'),
(964, 48, 'Sultan Mastura'),
(965, 48, 'Sultan Sumagka (Talitay)'),
(966, 48, 'Upi'),
(967, 48, 'Barira'),
(968, 48, 'Buluan'),
(969, 48, 'Datu Abdullah Sangki'),
(970, 48, 'Datu Blah T. Sinsuat'),
(971, 48, 'Datu Montawal (Pagagawan)'),
(972, 48, 'Datu Paglas'),
(973, 48, 'Datu Salibo'),
(974, 48, 'Datu Unsay'),
(975, 48, 'Guindulungan'),
(976, 48, 'Mamasapano'),
(977, 48, 'Matanog'),
(978, 48, 'Pagalungan'),
(979, 48, 'Pandag'),
(980, 48, 'Rajah Buayan'),
(981, 48, 'Shariff Saydona Mustapha'),
(982, 48, 'Sultan Kudarat (Nuling)'),
(983, 48, 'Sultan sa Barongis (Lambayong)'),
(984, 48, 'Talayan'),
(985, 49, 'Boac'),
(986, 49, 'Gasan'),
(987, 49, 'Santa Cruz'),
(988, 49, 'Buenavista'),
(989, 49, 'Mogpog'),
(990, 49, 'Torrijos'),
(991, 51, 'Aloran'),
(992, 51, 'Bonifacio'),
(993, 51, 'Clarin'),
(994, 51, 'Don Victoriano Chiongbian (Don Mariano Marcos)'),
(995, 51, 'Lopez Jaena'),
(996, 51, 'Ozamiz'),
(997, 51, 'Plaridel'),
(998, 51, 'Sinacaban'),
(999, 51, 'Tudela'),
(1000, 51, 'Baliangao'),
(1001, 51, 'Calamba'),
(1002, 51, 'Concepcion'),
(1003, 51, 'Jimenez'),
(1004, 51, 'Oroquieta'),
(1005, 51, 'Panaon'),
(1006, 51, 'Sapang Dalaga'),
(1007, 51, 'Tangub'),
(1008, 50, 'Aroroy'),
(1009, 50, 'Balud'),
(1010, 50, 'Cataingan'),
(1011, 50, 'Claveria'),
(1012, 50, 'Esperanza'),
(1013, 50, 'Masbate City'),
(1014, 50, 'Mobo'),
(1015, 50, 'Palanas'),
(1016, 50, 'Placer'),
(1017, 50, 'San Jacinto'),
(1018, 50, 'Uson'),
(1019, 50, 'Baleno'),
(1020, 50, 'Batuan'),
(1021, 50, 'Cawayan'),
(1022, 50, 'Dimasalang'),
(1023, 50, 'Mandaon'),
(1024, 50, 'Milagros'),
(1025, 50, 'Pio V. Corpuz (Limbuhan)'),
(1026, 50, 'San Fernando'),
(1027, 50, 'San Pascual'),
(1028, 50, 'Monreal'),
(1029, 52, 'Alubijid'),
(1030, 52, 'Balingoan'),
(1031, 52, 'Cagayan de Oro'),
(1032, 52, 'El Salvador'),
(1033, 52, 'Gitagum'),
(1034, 52, 'Jasaan'),
(1035, 52, 'Lagonglong'),
(1036, 52, 'Libertad'),
(1037, 52, 'Magsaysay (Linugos)'),
(1038, 52, 'Medina'),
(1039, 52, 'Opol'),
(1040, 52, 'Sugbongcogon'),
(1041, 52, 'Talisayan'),
(1042, 52, 'Balingasag'),
(1043, 52, 'Binuangan'),
(1044, 52, 'Claveria'),
(1045, 52, 'Gingoog'),
(1046, 52, 'Initao'),
(1047, 52, 'Kinoguitan'),
(1048, 52, 'Laguindingan'),
(1049, 52, 'Lugait'),
(1050, 52, 'Manticao'),
(1051, 52, 'Naawan'),
(1052, 52, 'Salay'),
(1053, 52, 'Tagoloan'),
(1054, 52, 'Villanueva'),
(1055, 53, 'Barlig'),
(1056, 53, 'Besao'),
(1057, 53, 'Natonin'),
(1058, 53, 'Sabangan'),
(1059, 53, 'Sagada'),
(1060, 53, 'Bauko'),
(1061, 53, 'Bontoc'),
(1062, 53, 'Paracelis'),
(1063, 53, 'Sadanga'),
(1064, 53, 'Tadian'),
(1065, 54, 'Mandaluyong'),
(1066, 54, 'Pasig'),
(1067, 54, 'San Juan'),
(1068, 54, 'Marikina'),
(1069, 54, 'Quezon City'),
(1070, 54, 'Caloocan'),
(1071, 54, 'Navotas'),
(1072, 54, 'Malabon'),
(1073, 54, 'Valenzuela'),
(1074, 54, 'Las Pi&ntilde;as'),
(1075, 54, 'Muntinlupa'),
(1076, 54, 'Pasay'),
(1077, 54, 'Taguia'),
(1078, 54, 'Makati'),
(1079, 54, 'Para&ntilde;aque'),
(1080, 54, 'Pateros'),
(1081, 54, 'Manila'),
(1082, 55, 'Bacolod'),
(1083, 55, 'Binalbagan'),
(1084, 55, 'Calatrava'),
(1085, 55, 'Cauayan'),
(1086, 55, 'Escalante'),
(1087, 55, 'Hinigaran'),
(1088, 55, 'Ilog'),
(1089, 55, 'Kabankalan'),
(1090, 55, 'La Castellana'),
(1091, 55, 'Moises Padilla (Magallon)'),
(1092, 55, 'Pontevedra'),
(1093, 55, 'Sagay'),
(1094, 55, 'San Carlos'),
(1095, 55, 'Silay'),
(1096, 55, 'Talisay'),
(1097, 55, 'Valladolid'),
(1098, 55, 'Bago'),
(1099, 55, 'Cadiz'),
(1100, 55, 'Candoni'),
(1101, 55, 'Enrique B. Magalona (Saravia)'),
(1102, 55, 'Himamaylan'),
(1103, 55, 'Hinoba-an (Asia)'),
(1104, 55, 'Isabela'),
(1105, 55, 'La Carlota'),
(1106, 55, 'Manapla'),
(1107, 55, 'Murcia'),
(1108, 55, 'Pulupandan'),
(1109, 55, 'Salvador Benedicto'),
(1110, 55, 'San Enrique'),
(1111, 55, 'Sipalay'),
(1112, 55, 'Toboso'),
(1113, 55, 'Victorias'),
(1114, 56, 'Vallehermoso'),
(1115, 56, 'Amlan (Ayuquitan)'),
(1116, 56, 'Bacong'),
(1117, 56, 'Basay'),
(1118, 56, 'Bindoy (Payabon)'),
(1119, 56, 'Dauin'),
(1120, 56, 'Guihulngan'),
(1121, 56, 'La Libertad'),
(1122, 56, 'Manjuyod'),
(1123, 56, 'San Jose'),
(1124, 56, 'Siaton'),
(1125, 56, 'Tanjay'),
(1126, 56, 'Valencia (Luzurriaga)'),
(1127, 56, 'Zamboanguita'),
(1128, 56, 'Ayungon'),
(1129, 56, 'Bais'),
(1130, 56, 'Bayawan (Tulong)'),
(1131, 56, 'Canlaon'),
(1132, 56, 'Dumaguete'),
(1133, 56, 'Jimalalud'),
(1134, 56, 'Mabinay'),
(1135, 56, 'Pamplona'),
(1136, 56, 'Santa Catalina'),
(1137, 56, 'Sibulan'),
(1138, 56, 'Tayasan'),
(1139, 57, 'Allen'),
(1140, 57, 'Bobon'),
(1141, 57, 'Catarman'),
(1142, 57, 'Gamay'),
(1143, 57, 'Lapinig'),
(1144, 57, 'Lavezares'),
(1145, 57, 'Mapanas'),
(1146, 57, 'Palapag'),
(1147, 57, 'Rosario'),
(1148, 57, 'San Isidro'),
(1149, 57, 'San Roque'),
(1150, 57, 'Silvino Lobos'),
(1151, 57, 'Biri'),
(1152, 57, 'Capul'),
(1153, 57, 'Catubig'),
(1154, 57, 'Laoang'),
(1155, 57, 'Las Navas'),
(1156, 57, 'Lope de Vega'),
(1157, 57, 'Mondragon'),
(1158, 57, 'Pambujan'),
(1159, 57, 'San Antonio'),
(1160, 57, 'San Jose'),
(1161, 57, 'San Vicente'),
(1162, 57, 'Victoria'),
(1163, 58, 'Zaragoza'),
(1164, 58, 'Aliaga'),
(1165, 58, 'Cabanatuan'),
(1166, 58, 'Carranglan'),
(1167, 58, 'Gabaldon (Bitulok & Sabani)'),
(1168, 58, 'General Mamerto Natividad'),
(1169, 58, 'Guimba'),
(1170, 58, 'Laur'),
(1171, 58, 'Llanera'),
(1172, 58, 'Mu&ntilde;oz'),
(1173, 58, 'Palayan'),
(1174, 58, 'Pe&ntilde;aranda'),
(1175, 58, 'Rizal'),
(1176, 58, 'San Isidro'),
(1177, 58, 'San Leonardo'),
(1178, 58, 'Santo Domingo'),
(1179, 58, 'Talugtug'),
(1180, 58, 'Bongabon'),
(1181, 58, 'Cabiao'),
(1182, 58, 'Cuyapo'),
(1183, 58, 'Gapan'),
(1184, 58, 'General Tinio (Papaya)'),
(1185, 58, 'Jaen'),
(1186, 58, 'Licab'),
(1187, 58, 'Lupao'),
(1188, 58, 'Nampicuan'),
(1189, 58, 'Pantabangan'),
(1190, 58, 'Quezon'),
(1191, 58, 'San Antonio'),
(1192, 58, 'San Jose'),
(1193, 58, 'Santa Rosa'),
(1194, 58, 'Talavera'),
(1195, 59, 'Alfonso Casta&ntilde;eda'),
(1196, 59, 'Aritao'),
(1197, 59, 'Bambang'),
(1198, 59, 'Diadi'),
(1199, 59, 'Dupax del Sur'),
(1200, 59, 'Kayapa'),
(1201, 59, 'Santa Fe (Imugan)'),
(1202, 59, 'Villaverde (Ibung)'),
(1203, 59, 'Ambaguio'),
(1204, 59, 'Bagabag'),
(1205, 59, 'Bayombong'),
(1206, 59, 'Dupax del Norte'),
(1207, 59, 'Kasibu'),
(1208, 59, 'Quezon'),
(1209, 59, 'Solano'),
(1210, 60, 'San Jose'),
(1211, 60, 'Abra de Ilog'),
(1212, 60, 'Looc'),
(1213, 60, 'Magsaysay'),
(1214, 60, 'Paluan'),
(1215, 60, 'Sablayan'),
(1216, 60, 'Santa Cruz'),
(1217, 60, 'Calintaan'),
(1218, 60, 'Lubang'),
(1219, 60, 'Mamburao'),
(1220, 60, 'Rizal'),
(1221, 61, 'Aborlan'),
(1222, 61, 'Araceli'),
(1223, 61, 'Bataraza'),
(1224, 61, 'Busuanga'),
(1225, 61, 'Coron'),
(1226, 61, 'Cuyo'),
(1227, 61, 'El Nido (Bacuit)'),
(1228, 61, 'Linapacan'),
(1229, 61, 'Narra'),
(1230, 61, 'Quezon'),
(1231, 61, 'Roxas'),
(1232, 61, 'Sofronio Espa&ntilde;ola'),
(1233, 61, 'Agutaya'),
(1234, 61, 'Balabac'),
(1235, 61, 'Brooke\'s Point'),
(1236, 61, 'Cagayancillo'),
(1237, 61, 'Culion'),
(1238, 61, 'Dumaran'),
(1239, 61, 'Kalayaan'),
(1240, 61, 'Magsaysay'),
(1241, 61, 'Puerto Princesa'),
(1242, 61, 'Rizal (Marcos)'),
(1243, 61, 'San Vicente'),
(1244, 61, 'Taytay'),
(1245, 62, 'Sasmuan'),
(1246, 62, 'Angeles'),
(1247, 62, 'Arayat'),
(1248, 62, 'Candaba'),
(1249, 62, 'Guagua'),
(1250, 62, 'Mabalacat'),
(1251, 62, 'Magalang'),
(1252, 62, 'Mexico'),
(1253, 62, 'Porac'),
(1254, 62, 'San Luis'),
(1255, 62, 'Santa Ana'),
(1256, 62, 'Santo Tomas'),
(1257, 62, 'Apalit'),
(1258, 62, 'Bacolor'),
(1259, 62, 'Floridablanca'),
(1260, 62, 'Lubao'),
(1261, 62, 'Macabebe'),
(1262, 62, 'Masantol'),
(1263, 62, 'Minalin'),
(1264, 62, 'San Fernando'),
(1265, 62, 'San Simon'),
(1266, 62, 'Santa Rita'),
(1267, 63, 'Agno'),
(1268, 63, 'Alaminos'),
(1269, 63, 'Anda'),
(1270, 63, 'Balungao'),
(1271, 63, 'Basista'),
(1272, 63, 'Bayambang'),
(1273, 63, 'Binmaley'),
(1274, 63, 'Bugallon'),
(1275, 63, 'Calasiao'),
(1276, 63, 'Dasol'),
(1277, 63, 'Labrador'),
(1278, 63, 'Lingayen'),
(1279, 63, 'Malasiqui'),
(1280, 63, 'Mangaldan'),
(1281, 63, 'Mapandan'),
(1282, 63, 'Pozorrubio'),
(1283, 63, 'San Carlos'),
(1284, 63, 'San Jacinto'),
(1285, 63, 'San Nicolas'),
(1286, 63, 'Santa Barbara'),
(1287, 63, 'Santo Tomas'),
(1288, 63, 'Sual'),
(1289, 63, 'Umingan'),
(1290, 63, 'Urdaneta'),
(1291, 63, 'Aguilar'),
(1292, 63, 'Alcala'),
(1293, 63, 'Asingan'),
(1294, 63, 'Bani'),
(1295, 63, 'Bautista'),
(1296, 63, 'Binalonan'),
(1297, 63, 'Bolinao'),
(1298, 63, 'Burgos'),
(1299, 63, 'Dagupan'),
(1300, 63, 'Infanta'),
(1301, 63, 'Laoac'),
(1302, 63, 'Mabini'),
(1303, 63, 'Manaoag'),
(1304, 63, 'Mangatarem'),
(1305, 63, 'Natividad'),
(1306, 63, 'Rosales'),
(1307, 63, 'San Fabian'),
(1308, 63, 'San Manuel'),
(1309, 63, 'San Quintin'),
(1310, 63, 'Santa Maria'),
(1311, 63, 'Sison'),
(1312, 63, 'Tayug'),
(1313, 63, 'Urbiztondo'),
(1314, 63, 'Villasis'),
(1315, 64, 'Agdangan'),
(1316, 64, 'Atimonan'),
(1317, 64, 'Burdeos'),
(1318, 64, 'Candelaria'),
(1319, 64, 'Dolores'),
(1320, 64, 'General Nakar'),
(1321, 64, 'Gumaca'),
(1322, 64, 'Jomalig'),
(1323, 64, 'Lucban'),
(1324, 64, 'Macalelon'),
(1325, 64, 'Mulanay'),
(1326, 64, 'Pagbilao'),
(1327, 64, 'Patnanungan'),
(1328, 64, 'Pitogo'),
(1329, 64, 'Polillo'),
(1330, 64, 'Real'),
(1331, 64, 'San Andres'),
(1332, 64, 'San Francisco (Aurora)'),
(1333, 64, 'Sariaya'),
(1334, 64, 'Tayabas'),
(1335, 64, 'Unisan'),
(1336, 64, 'Alabat'),
(1337, 64, 'Buenavista'),
(1338, 64, 'Calauag'),
(1339, 64, 'Catanauan'),
(1340, 64, 'General Luna'),
(1341, 64, 'Guinayangan'),
(1342, 64, 'Infanta'),
(1343, 64, 'Lopez'),
(1344, 64, 'Lucena'),
(1345, 64, 'Mauban'),
(1346, 64, 'Padre Burgos'),
(1347, 64, 'Panukulan'),
(1348, 64, 'Perez'),
(1349, 64, 'Plaridel'),
(1350, 64, 'Quezon'),
(1351, 64, 'Sampaloc'),
(1352, 64, 'San Antonio'),
(1353, 64, 'San Narciso'),
(1354, 64, 'Tagkawayan'),
(1355, 64, 'Tiaong'),
(1356, 65, 'Aglipay'),
(1357, 65, 'Diffun'),
(1358, 65, 'Nagtipunan'),
(1359, 65, 'Cabarroguis'),
(1360, 65, 'Maddela'),
(1361, 65, 'Saguday'),
(1362, 66, 'Alcantara'),
(1363, 66, 'Cajidiocan'),
(1364, 66, 'Concepcion'),
(1365, 66, 'Ferrol'),
(1366, 66, 'Magdiwang'),
(1367, 66, 'Romblon'),
(1368, 66, 'San Andres'),
(1369, 66, 'San Jose'),
(1370, 66, 'Santa Maria (Imelda)'),
(1371, 66, 'Banton (Jones)'),
(1372, 66, 'Calatrava'),
(1373, 66, 'Corcuera'),
(1374, 66, 'Looc'),
(1375, 66, 'Odiongan'),
(1376, 66, 'San Agustin'),
(1377, 66, 'San Fernando'),
(1378, 66, 'Santa Fe'),
(1379, 67, 'Almagro'),
(1380, 67, 'Calbayog'),
(1381, 67, 'Catbalogan'),
(1382, 67, 'Gandara'),
(1383, 67, 'Jiabong'),
(1384, 67, 'Matuguinao'),
(1385, 67, 'Pagsanghan'),
(1386, 67, 'Pinabacdao'),
(1387, 67, 'San Jose de Buan'),
(1388, 67, 'Santa Margarita'),
(1389, 67, 'Santo Ni&ntilde;o'),
(1390, 67, 'Talalora'),
(1391, 67, 'Villareal'),
(1392, 67, 'Basey'),
(1393, 67, 'Calbiga'),
(1394, 67, 'Daram'),
(1395, 67, 'Hinabangan'),
(1396, 67, 'Marabut'),
(1397, 67, 'Motiong'),
(1398, 67, 'Paranas (Wright)'),
(1399, 67, 'San Jorge'),
(1400, 67, 'San Sebastian'),
(1401, 67, 'Santa Rita'),
(1402, 67, 'Tagapul-an'),
(1403, 67, 'Tarangnan'),
(1404, 67, 'Zumarraga'),
(1405, 68, 'Malapatan'),
(1406, 68, 'Alabel'),
(1407, 68, 'Kiamba'),
(1408, 68, 'Maitum'),
(1409, 68, 'Malungon'),
(1410, 68, 'Glan'),
(1411, 68, 'Maasim'),
(1412, 69, 'Enrique Villanueva'),
(1413, 69, 'Lazi'),
(1414, 69, 'San Juan'),
(1415, 69, 'Sorsogon Province'),
(1416, 69, 'Larena'),
(1417, 69, 'Maria'),
(1418, 69, 'Siquijor'),
(1419, 70, 'Banga'),
(1420, 70, 'Koronadal'),
(1421, 70, 'Norala'),
(1422, 70, 'Santo Ni&ntilde;o'),
(1423, 70, 'T\'Boli'),
(1424, 70, 'Tantangan'),
(1425, 70, 'General Santos (Dadiangas)'),
(1426, 70, 'Lake Sebu'),
(1427, 70, 'Polomolok'),
(1428, 70, 'Surallah'),
(1429, 70, 'Tampakan'),
(1430, 70, 'Tupi'),
(1431, 71, 'Anahawan'),
(1432, 71, 'Hinunangan'),
(1433, 71, 'Libagon'),
(1434, 71, 'Limasawa'),
(1435, 71, 'Macrohon'),
(1436, 71, 'Padre Burgos'),
(1437, 71, 'Saint Bernard'),
(1438, 71, 'San Juan (Cabalian)'),
(1439, 71, 'Silago'),
(1440, 71, 'Tomas Oppus'),
(1441, 71, 'Bontoc'),
(1442, 71, 'Hinundayan'),
(1443, 71, 'Liloan'),
(1444, 71, 'Maasin'),
(1445, 71, 'Malitbog'),
(1446, 71, 'Pintuyan'),
(1447, 71, 'San Francisco'),
(1448, 71, 'San Ricardo'),
(1449, 71, 'Sogod'),
(1450, 72, 'Bagumbayan'),
(1451, 72, 'Esperanza'),
(1452, 72, 'Kalamansig'),
(1453, 72, 'Lebak'),
(1454, 72, 'Palimbang'),
(1455, 72, 'Senator Ninoy Aquino'),
(1456, 72, 'Columbio'),
(1457, 72, 'Isulan'),
(1458, 72, 'Lambayong (Mariano Marcos)'),
(1459, 72, 'Lutayan'),
(1460, 72, 'President Quirino'),
(1461, 72, 'Tacurong'),
(1462, 73, 'Banguingui (Tongkil)'),
(1463, 73, 'Indanan'),
(1464, 73, 'Kalingalan Caluang'),
(1465, 73, 'Luuk'),
(1466, 73, 'Old Panamao'),
(1467, 73, 'Pandami'),
(1468, 73, 'Pangutaran'),
(1469, 73, 'Pata'),
(1470, 73, 'Siasi'),
(1471, 73, 'Tapul'),
(1472, 73, 'Hadji Panglima Tahil (Marunggas)'),
(1473, 73, 'Jolo'),
(1474, 73, 'Lugus'),
(1475, 73, 'Maimbung'),
(1476, 73, 'Omar'),
(1477, 73, 'Panglima Estino (New Panamao)'),
(1478, 73, 'Parang'),
(1479, 73, 'Patikul'),
(1480, 73, 'Talipao'),
(1481, 74, 'Alegria'),
(1482, 74, 'Burgos'),
(1483, 74, 'Dapa'),
(1484, 74, 'General Luna'),
(1485, 74, 'Mainit'),
(1486, 74, 'Pilar'),
(1487, 74, 'San Benito'),
(1488, 74, 'San Isidro'),
(1489, 74, 'Sison'),
(1490, 74, 'Surigao City'),
(1491, 74, 'Tubod'),
(1492, 74, 'Bacuag'),
(1493, 74, 'Claver'),
(1494, 74, 'Del Carmen'),
(1495, 74, 'Gigaquit'),
(1496, 74, 'Malimono'),
(1497, 74, 'Placer'),
(1498, 74, 'San Francisco (Anao-Aon)'),
(1499, 74, 'Santa Monica (Sapao)'),
(1500, 74, 'Socorro'),
(1501, 74, 'Tagana-an'),
(1502, 75, 'Tagana-an'),
(1503, 75, 'Bislig'),
(1504, 75, 'Cantilan'),
(1505, 75, 'Carrascal'),
(1506, 75, 'Hinatuan'),
(1507, 75, 'Lianga'),
(1508, 75, 'Madrid'),
(1509, 75, 'San Agustin'),
(1510, 75, 'Tagbina'),
(1511, 75, 'Tandag'),
(1512, 75, 'Bayabas'),
(1513, 75, 'Cagwait'),
(1514, 75, 'Carmen'),
(1515, 75, 'Cortes'),
(1516, 75, 'Lanuza'),
(1517, 75, 'Lingig'),
(1518, 75, 'Marihatag'),
(1519, 75, 'San Miguel'),
(1520, 75, 'Tago'),
(1521, 76, 'Tago'),
(1522, 76, 'Camiling'),
(1523, 76, 'Concepcion'),
(1524, 76, 'La Paz'),
(1525, 76, 'Moncada'),
(1526, 76, 'Pura'),
(1527, 76, 'San Clemente'),
(1528, 76, 'San Manuel'),
(1529, 76, 'Tarlac City'),
(1530, 76, 'Bamban'),
(1531, 76, 'Capas'),
(1532, 76, 'Gerona'),
(1533, 76, 'Mayantoc'),
(1534, 76, 'Paniqui'),
(1535, 76, 'Ramos'),
(1536, 76, 'San Jose'),
(1537, 76, 'Santa Ignacia'),
(1538, 76, 'Victoria'),
(1539, 77, 'Tandubas'),
(1540, 77, 'Bongao'),
(1541, 77, 'Mapun (Cagayan de Tawi-Tawi)'),
(1542, 77, 'Sapa-Sapa'),
(1543, 77, 'Simunul'),
(1544, 77, 'South Ubian'),
(1545, 77, 'Turtle Islands (Taganak)'),
(1546, 77, 'Languyan'),
(1547, 77, 'Panglima Sugala (Balimbing)'),
(1548, 77, 'Sibutu'),
(1549, 77, 'Sitangkai'),
(1550, 78, 'Botolan'),
(1551, 78, 'Candelaria'),
(1552, 78, 'Iba'),
(1553, 78, 'Olongapo'),
(1554, 78, 'San Antonio'),
(1555, 78, 'San Marcelino'),
(1556, 78, 'Santa Cruz'),
(1557, 78, 'Cabangan'),
(1558, 78, 'Castillejos'),
(1559, 78, 'Masinloc'),
(1560, 78, 'Palauig'),
(1561, 78, 'San Felipe'),
(1562, 78, 'San Narciso'),
(1563, 78, 'Subic'),
(1564, 79, 'Baliguian'),
(1565, 79, 'Dipolog'),
(1566, 79, 'Gutalac'),
(1567, 79, 'Kalawit'),
(1568, 79, 'La Libertad'),
(1569, 79, 'Leon B. Postigo (Bacungan)'),
(1570, 79, 'Manukan'),
(1571, 79, 'Pi&ntilde;an (New Pi&ntilde;an)'),
(1572, 79, 'President Manuel A. Roxas'),
(1573, 79, 'Salug'),
(1574, 79, 'Siayan'),
(1575, 79, 'Sibutad'),
(1576, 79, 'Siocon'),
(1577, 79, 'Tampilisan'),
(1578, 79, 'Dapitan'),
(1579, 79, 'Godod'),
(1580, 79, 'Jose Dalman (Ponot)'),
(1581, 79, 'Katipunan'),
(1582, 79, 'Labason'),
(1583, 79, 'Liloy'),
(1584, 79, 'Mutia'),
(1585, 79, 'Polanco'),
(1586, 79, 'Rizal'),
(1587, 79, 'Sergio Osme&ntilde;a Sr.'),
(1588, 79, 'Sibuco'),
(1589, 79, 'Sindangan'),
(1590, 79, 'Sirawai'),
(1591, 80, 'Aurora'),
(1592, 80, 'Dimataling'),
(1593, 80, 'Dumalinao'),
(1594, 80, 'Guipos'),
(1595, 80, 'Kumalarang'),
(1596, 80, 'Lakewood'),
(1597, 80, 'Mahayag'),
(1598, 80, 'Midsalip'),
(1599, 80, 'Pagadian'),
(1600, 80, 'Ramon Magsaysay (Liargo)'),
(1601, 80, 'San Pablo'),
(1602, 80, 'Tabina'),
(1603, 80, 'Tigbao'),
(1604, 80, 'Vincenzo A. Sagun'),
(1605, 80, 'Bayog'),
(1606, 80, 'Dinas'),
(1607, 80, 'Dumingag'),
(1608, 80, 'Josefina'),
(1609, 80, 'Labangan'),
(1610, 80, 'Lapuyan'),
(1611, 80, 'Margosatubig'),
(1612, 80, 'Molave'),
(1613, 80, 'Pitogo'),
(1614, 80, 'San Miguel'),
(1615, 80, 'Sominot (Don Mariano Marcos)'),
(1616, 80, 'Tambulig'),
(1617, 80, 'Tukuran'),
(1618, 80, 'Zamboanga City'),
(1619, 81, 'Tunga'),
(1620, 81, 'Alicia'),
(1621, 81, 'Diplahan'),
(1622, 81, 'Ipil'),
(1623, 81, 'Mabuhay'),
(1624, 81, 'Naga'),
(1625, 81, 'Payao'),
(1626, 81, 'Siay'),
(1627, 81, 'Titay'),
(1628, 81, 'Buug'),
(1629, 81, 'Imelda'),
(1630, 81, 'Kabasalan'),
(1631, 81, 'Malangas'),
(1632, 81, 'Olutanga'),
(1633, 81, 'Roseller Lim'),
(1634, 81, 'Talusan');

-- --------------------------------------------------------

--
-- Table structure for table `company_info`
--

CREATE TABLE `company_info` (
  `compid` int(11) NOT NULL,
  `business_number` int(20) NOT NULL,
  `clinic_name` varchar(50) COLLATE utf8_unicode_ci NOT NULL,
  `clinic_contactno` varchar(20) COLLATE utf8_unicode_ci NOT NULL,
  `owner_fname` varchar(50) COLLATE utf8_unicode_ci NOT NULL,
  `owner_lname` varchar(50) COLLATE utf8_unicode_ci NOT NULL,
  `city` int(20) NOT NULL,
  `province` int(20) NOT NULL
) ENGINE=InnoDB DEFAULT CHARSET=utf8 COLLATE=utf8_unicode_ci;

--
-- Dumping data for table `company_info`
--

INSERT INTO `company_info` (`compid`, `business_number`, `clinic_name`, `clinic_contactno`, `owner_fname`, `owner_lname`, `city`, `province`) VALUES
(1, 1001, 'HEALTH CENTER MANAGEMENT SYSTEM', '(02) 7210-3103', 'HEALTH CENTER', ' MANAGEMENT SYSTEM', 39, 1);

-- --------------------------------------------------------

--
-- Table structure for table `medical_records`
--

CREATE TABLE `medical_records` (
  `medical_records_id` int(20) NOT NULL,
  `patient_id` int(20) NOT NULL,
  `findings` longtext COLLATE utf8_unicode_ci DEFAULT NULL,
  `prescription` longtext COLLATE utf8_unicode_ci DEFAULT NULL,
  `description` longtext COLLATE utf8_unicode_ci DEFAULT NULL,
  `file_name` varchar(255) COLLATE utf8_unicode_ci DEFAULT NULL,
  `provider` int(20) NOT NULL,
  `date_created` date NOT NULL
) ENGINE=InnoDB DEFAULT CHARSET=utf8 COLLATE=utf8_unicode_ci;

--
-- Dumping data for table `medical_records`
--

INSERT INTO `medical_records` (`medical_records_id`, `patient_id`, `findings`, `prescription`, `description`, `file_name`, `provider`, `date_created`) VALUES
(1, 1, 'S', 'S', 'S', NULL, 1, '2023-05-03'),
(2, 2, 'S', 'S', 'S', NULL, 1, '2023-05-03'),
(3, 4, 'Dasd', 'Asd', 'Asd', NULL, 1, '2023-05-03'),
(4, 14, 'Tesatgasg', 'Asgasgasg', 'Ashashasgas', NULL, 13, '2023-07-24'),
(5, 14, 'testing', 'testing1', 'testing2', NULL, 13, '2023-07-24');

-- --------------------------------------------------------

--
-- Table structure for table `patient`
--

CREATE TABLE `patient` (
  `id` int(11) NOT NULL,
  `f_name` varchar(255) NOT NULL,
  `m_name` varchar(255) NOT NULL,
  `l_name` varchar(255) NOT NULL,
  `address` text NOT NULL,
  `bday` date NOT NULL,
  `gender` varchar(20) NOT NULL,
  `age` int(11) NOT NULL,
  `contact` smallint(6) NOT NULL,
  `type` varchar(45) NOT NULL,
  `user_name` text NOT NULL,
  `user_id` varchar(45) NOT NULL,
  `created_at` datetime NOT NULL DEFAULT current_timestamp()
) ENGINE=InnoDB DEFAULT CHARSET=utf8mb4;

--
-- Dumping data for table `patient`
--

INSERT INTO `patient` (`id`, `f_name`, `m_name`, `l_name`, `address`, `bday`, `gender`, `age`, `contact`, `type`, `user_name`, `user_id`, `created_at`) VALUES
(1, 'Sample ', 'Sample', 'Sample', 'Sample address', '2023-05-03', 'Male', 2, 32767, '', '', '', '2023-05-03 21:32:35'),
(2, 'Sample 2', 'Sample2', 'Sample2', 'Sample address 1', '2019-05-01', 'Male', 2, 2, '', '', '', '2023-05-03 21:32:35'),
(3, 'saasdsada2', 'saasdasdasd', 'saasdasda', 'Sample address 1asd', '2023-06-07', 'Male', 222, 22, '', '15', '', '2023-05-03 21:37:21'),
(4, 'saasdsada', 'saasdasdasd', 'saasdasda', 'Sample address 2', '2023-05-25', 'Male', 1, 32767, '', '15', '', '2023-05-03 21:38:56'),
(5, 'test', 'test', 'test', 'afsfasgas', '1997-12-10', 'Male', 23, 32767, '', '13', '', '2023-07-17 16:41:35'),
(6, 'fahgahasfas', 'fasfasfashgas', 'fasfasgash', 'hadgsagfasga', '1991-10-10', 'Female', 31, 32767, '', 'Admin', '', '2023-07-17 17:16:47'),
(7, 'gasgsag', 'sahsa', 'gasgasgas', 'gasgasg', '1992-12-12', 'Male', 56, 32767, '', 'Admin', '', '2023-07-17 17:18:56'),
(8, 'Allen Christopher', 'Collantes', 'Aduan', 'Deira Dubai UAE', '1997-06-10', 'Male', 26, 0, 'Walk In', '', '', '2023-07-24 18:49:41'),
(12, 'User', 'User', 'One', 'Victorias Negros Occidental', '1999-10-16', 'Male', 0, 32767, 'Auto Add', 'user1', '15', '2023-07-25 12:56:16'),
(13, 'Kirei', 'Crazy', 'Iwamoto', 'Victorias Negros Occidental', '2013-07-10', 'Male', 0, 32767, 'Auto Add', 'user0', '21', '2023-07-25 12:56:16'),
(14, 'Mikai', 'Yondai', 'Honda', 'Candelaria ', '2013-07-01', 'Female', 0, 32767, 'Auto Add', 'mirai00', '22', '2023-07-25 12:56:16'),
(15, 'Allen', 'Christopher', 'Aduan', 'Binangonan Rizal', '1997-06-10', 'Male', 0, 32767, 'Auto Add', 'vanika13', '25', '2023-07-25 12:58:05');

-- --------------------------------------------------------

--
-- Table structure for table `products`
--

CREATE TABLE `products` (
  `product_id` int(20) NOT NULL,
  `product_category` varchar(255) COLLATE utf8_unicode_ci NOT NULL,
  `product_name` varchar(255) COLLATE utf8_unicode_ci NOT NULL,
  `quantity_on_hand` int(20) NOT NULL,
  `description` text COLLATE utf8_unicode_ci NOT NULL,
  `date_added` timestamp NOT NULL DEFAULT current_timestamp()
) ENGINE=InnoDB DEFAULT CHARSET=utf8 COLLATE=utf8_unicode_ci;

--
-- Dumping data for table `products`
--

INSERT INTO `products` (`product_id`, `product_category`, `product_name`, `quantity_on_hand`, `description`, `date_added`) VALUES
(1, 'Diet supplements', 'Productsample', 123, 'Asdasda', '2023-03-13 10:18:23'),
(2, 'Vitamins and Supplements', 'Productsample1', 107, 'For pregnancy', '2023-03-13 12:46:20');

-- --------------------------------------------------------

--
-- Table structure for table `product_category`
--

CREATE TABLE `product_category` (
  `id` int(20) NOT NULL,
  `name` varchar(255) COLLATE utf8_unicode_ci NOT NULL,
  `status` varchar(20) COLLATE utf8_unicode_ci NOT NULL
) ENGINE=InnoDB DEFAULT CHARSET=utf8 COLLATE=utf8_unicode_ci;

--
-- Dumping data for table `product_category`
--

INSERT INTO `product_category` (`id`, `name`, `status`) VALUES
(1, 'Dermatologics', 'Active'),
(2, 'Medicine', 'Active'),
(3, 'Vaccine', 'Active'),
(4, 'Diet supplements', 'Active'),
(5, 'Vitamins and Supplements', 'Active'),
(6, 'Eye Care', 'Active'),
(7, 'Other Products', 'Active'),
(8, 'Ear Care', 'Active'),
(9, 'Digestive and Urinary', 'Active'),
(10, 'Stress and Anxiety', 'Active'),
(11, 'Hip and Joint Care', 'Active');

-- --------------------------------------------------------

--
-- Table structure for table `province`
--

CREATE TABLE `province` (
  `id` int(20) NOT NULL,
  `province_name` varchar(255) COLLATE utf8_unicode_ci NOT NULL
) ENGINE=InnoDB DEFAULT CHARSET=utf8 COLLATE=utf8_unicode_ci;

--
-- Dumping data for table `province`
--

INSERT INTO `province` (`id`, `province_name`) VALUES
(1, 'Rizal'),
(2, 'Abra'),
(3, 'Agusan del Norte'),
(4, 'Agusan del Sur'),
(5, 'Aklan'),
(6, 'Albay'),
(7, 'Antique'),
(8, 'Apayao'),
(9, 'Aurora'),
(11, 'Bataan'),
(12, 'Basilan'),
(13, 'Batanes'),
(14, 'Batangas'),
(15, 'Benguet'),
(16, 'Biliran'),
(17, 'Bohol'),
(18, 'Bukidnon'),
(19, 'Bulacan'),
(20, 'Cagayan'),
(21, 'Camarines Norte'),
(22, 'Camarines Sur'),
(23, 'Camiguin'),
(24, 'Capiz'),
(25, 'Catanduanes'),
(26, 'Cavite'),
(27, 'Cebu'),
(28, 'Cotabato'),
(29, 'Davao de Oro'),
(30, 'Davao del Norte'),
(31, 'Davao del Sur'),
(32, 'Davao Occidental'),
(33, 'Davao Oriental'),
(34, 'Dinagat Islands'),
(35, 'Eastern Samar'),
(36, 'Guimaras'),
(37, 'Ifugao'),
(38, 'Ilocos Norte'),
(39, 'Ilocos Sur'),
(40, 'Iloilo'),
(41, 'Isabela'),
(42, 'Kalinga'),
(43, 'La Union'),
(44, 'Laguna'),
(45, 'Lanao del Norte'),
(46, 'Lanao del Sur'),
(47, 'Leyte'),
(48, 'Maguindanao'),
(49, 'Marinduque'),
(50, 'Masbate'),
(51, 'Misamis Occidental'),
(52, 'Misamis Oriental'),
(53, 'Mountain'),
(54, 'NCR'),
(55, 'Negros Occidental'),
(56, 'Negros Oriental'),
(57, 'Northern Samar'),
(58, 'Nueva Ecija'),
(59, 'Nueva Vizcaya'),
(60, 'Occidental Mindoro'),
(61, 'Palawan'),
(62, 'Pampanga'),
(63, 'Pangasinan'),
(64, 'Quezon'),
(65, 'Quirino'),
(66, 'Romblon'),
(67, 'Samar'),
(68, 'Sarangani'),
(69, 'Siquijor'),
(70, 'South Cotabato'),
(71, 'Southern Leyte'),
(72, 'Sultan Kudarat'),
(73, 'Sulu'),
(74, 'Surigao del Norte'),
(75, 'Surigao del Sur'),
(76, 'Tarlac'),
(77, 'Tawi-Tawi'),
(78, 'Zambales'),
(79, 'Zamboanga del Norte'),
(80, 'Zamboanga del Sur'),
(81, 'Zamboanga Sibugay');

-- --------------------------------------------------------

--
-- Table structure for table `service`
--

CREATE TABLE `service` (
  `service_id` int(20) NOT NULL,
  `name` varchar(100) COLLATE utf8_unicode_ci NOT NULL,
  `price` float NOT NULL,
  `status` varchar(20) COLLATE utf8_unicode_ci NOT NULL
) ENGINE=InnoDB DEFAULT CHARSET=utf8 COLLATE=utf8_unicode_ci;

--
-- Dumping data for table `service`
--

INSERT INTO `service` (`service_id`, `name`, `price`, `status`) VALUES
(2, 'Behavioral Counseling', 500, 'Inactive'),
(3, 'Dietary Counseling', 400, 'Active'),
(4, 'Diagnostic and Therapeutic Services', 500, 'Active'),
(5, 'Emergency Care', 500, 'Active'),
(6, 'Dental care', 500, 'Active'),
(8, 'Wellness and Preventive Care', 500, 'Active'),
(10, 'Laboratory', 500, 'Active');

-- --------------------------------------------------------

--
-- Table structure for table `users`
--

CREATE TABLE `users` (
  `empid` int(20) NOT NULL,
  `user_fname` varchar(255) COLLATE utf8_unicode_ci NOT NULL,
  `user_mname` varchar(255) COLLATE utf8_unicode_ci NOT NULL,
  `user_lname` varchar(255) COLLATE utf8_unicode_ci NOT NULL,
  `gender` enum('Male','Female','LGBTQIA+','') COLLATE utf8_unicode_ci NOT NULL,
  `bday` date NOT NULL,
  `province` int(20) NOT NULL,
  `city` int(20) NOT NULL,
  `contact_no` varchar(20) COLLATE utf8_unicode_ci NOT NULL,
  `email` varchar(255) COLLATE utf8_unicode_ci NOT NULL,
  `user_type` enum('Admin','Midwife','Nurse','Health worker','User') COLLATE utf8_unicode_ci NOT NULL,
  `username` varchar(255) COLLATE utf8_unicode_ci NOT NULL,
  `pass` varchar(255) COLLATE utf8_unicode_ci NOT NULL,
  `user_status` varchar(25) COLLATE utf8_unicode_ci NOT NULL,
  `created_date` datetime NOT NULL
) ENGINE=InnoDB DEFAULT CHARSET=utf8 COLLATE=utf8_unicode_ci;

--
-- Dumping data for table `users`
--

INSERT INTO `users` (`empid`, `user_fname`, `user_mname`, `user_lname`, `gender`, `bday`, `province`, `city`, `contact_no`, `email`, `user_type`, `username`, `pass`, `user_status`, `created_date`) VALUES
(1, 'Admin', 'Admin', 'One', 'Male', '1980-04-06', 1, 39, '09123456789', 'Admin@admin.com', 'Admin', 'admin', '$2y$10$jvScRP0o1UU8bnx4IRGfEeF3HMV430VZC6nf13ROdu382yJ7A0M0i', 'Active', '2021-04-19 13:35:55'),
(13, 'Allen', 'Crazy', 'Developer', 'Male', '2013-06-10', 1, 39, '09360524325', 'crazy@developer.hub', 'Admin', 'crazy0', '$2a$12$joFMQVhwWYls5cH6udpUbeNc6JZEsiaa0zocKlgKzq1q7zi6EkQzi', 'Active', '2023-07-13 06:39:58'),
(15, 'User', 'User', 'One', 'Male', '1999-10-16', 55, 1113, '09123456789', 'user@user.com', 'User', 'user1', '$2y$10$8Z8L7d8rIDqUjpcpzBFaZu4NtG.5GGALfX78gk4tICc0tTLnBjztC', 'Active', '2023-03-11 10:50:45'),
(16, 'Nurse', 'Nurse', 'One', 'Female', '1999-08-15', 78, 1551, '09123456789', 'nurse@nurse.com', 'Nurse', 'nurse1', '$2y$10$ko5b.VuA6Ux3ecxYCYJXeOU/TzrujEoSZtrsbXa0dfdA8pW/H8c2m', 'Active', '2023-03-11 11:31:18'),
(18, 'Midwife', 'Midwife', 'One', 'Male', '1999-12-23', 76, 1527, '09123456789', 'midwife@midwife.com', 'Midwife', 'midwife1', '$2y$10$t2LwyCWMoo/z3Fj1l8zs4eS7CaotNsf2qJBUywjojxDBvsy0PXQs6', 'Active', '2023-04-12 14:07:59'),
(19, 'Health ', 'Worker', 'Worker', 'Female', '2000-12-13', 1, 43, '09123456789', 'healthw@healthw.com', 'Health worker', 'healthworker1', '$2y$10$0grY.JbsXGM940USp4hT0OOUNAerlAWHA/0Yl.2duPoGaDvdCJ.Ze', 'Active', '2023-04-12 18:50:55'),
(21, 'Kirei', 'Crazy', 'Iwamoto', 'Male', '2013-07-10', 55, 1113, '09715266552', 'kirei@iwamoto.com', 'User', 'user0', '$2a$12$w9hS84Mu//tzmZvz79CmmOINnXnjWGljIrDgfeWkoUJawAbaA8aaS', 'Active', '2023-07-13 07:07:19'),
(22, 'Mikai', 'Yondai', 'Honda', 'Female', '2013-07-01', 0, 1551, '09715266552', '09715266552', 'User', 'mirai00', '$2a$12$g8VieOLLDNvs/AOQKkWkSuppnB/oZUdw/xvahX3TCbHNOQlcm6gTS', 'Active', '2023-07-13 07:10:27'),
(23, 'Shinjiku', 'Crazy', 'Kohai', 'Male', '2013-07-06', 76, 1527, '09715266552', 'shinjiku@kohai.com', 'Midwife', 'kohai123', '$2a$12$w9hS84Mu//tzmZvz79CmmOINnXnjWGljIrDgfeWkoUJawAbaA8aaS', 'Active', '2023-07-13 07:12:43'),
(24, 'Mira', 'Crazy', 'Jane', 'Female', '2013-07-12', 1, 43, '09675921843', 'mira@jane.com', 'Health worker', 'healthworker0', '$2a$12$g8VieOLLDNvs/AOQKkWkSuppnB/oZUdw/xvahX3TCbHNOQlcm6gTS', 'Inactive', '2023-07-13 07:15:17'),
(25, 'Allen', 'Christopher', 'Aduan', 'Male', '1997-06-10', 1, 39, '09715266552', 'allensenpai777@gmail.com', 'Admin', 'vanika13', '$2a$12$QaNWZTHyQVCTmyoOnFe.rOs/TKRAI8VG4QiDaDcMJVY6q/uOutwUC', 'Inactive', '0000-00-00 00:00:00');

--
-- Indexes for dumped tables
--

--
-- Indexes for table `appointment`
--
ALTER TABLE `appointment`
  ADD PRIMARY KEY (`id`),
  ADD KEY `patient_id` (`name`),
  ADD KEY `service` (`service`);

--
-- Indexes for table `audit_trail`
--
ALTER TABLE `audit_trail`
  ADD PRIMARY KEY (`id`),
  ADD KEY `emp_id` (`emp_id`);

--
-- Indexes for table `child_report`
--
ALTER TABLE `child_report`
  ADD PRIMARY KEY (`id`),
  ADD KEY `city` (`city`),
  ADD KEY `prov` (`province`);

--
-- Indexes for table `city_municipality`
--
ALTER TABLE `city_municipality`
  ADD PRIMARY KEY (`id`),
  ADD KEY `province_id` (`province_id`);

--
-- Indexes for table `company_info`
--
ALTER TABLE `company_info`
  ADD PRIMARY KEY (`compid`),
  ADD KEY `municipality` (`city`,`province`),
  ADD KEY `province` (`province`);

--
-- Indexes for table `medical_records`
--
ALTER TABLE `medical_records`
  ADD PRIMARY KEY (`medical_records_id`),
  ADD KEY `patient_id` (`patient_id`),
  ADD KEY `provider` (`provider`);

--
-- Indexes for table `patient`
--
ALTER TABLE `patient`
  ADD PRIMARY KEY (`id`);

--
-- Indexes for table `products`
--
ALTER TABLE `products`
  ADD PRIMARY KEY (`product_id`),
  ADD KEY `product_category` (`product_category`),
  ADD KEY `product_name` (`product_name`);

--
-- Indexes for table `product_category`
--
ALTER TABLE `product_category`
  ADD PRIMARY KEY (`id`),
  ADD KEY `name` (`name`);

--
-- Indexes for table `province`
--
ALTER TABLE `province`
  ADD PRIMARY KEY (`id`);

--
-- Indexes for table `service`
--
ALTER TABLE `service`
  ADD PRIMARY KEY (`service_id`),
  ADD KEY `name` (`name`);

--
-- Indexes for table `users`
--
ALTER TABLE `users`
  ADD PRIMARY KEY (`empid`),
  ADD KEY `city` (`city`),
  ADD KEY `prov` (`province`);

--
-- AUTO_INCREMENT for dumped tables
--

--
-- AUTO_INCREMENT for table `appointment`
--
ALTER TABLE `appointment`
  MODIFY `id` int(11) NOT NULL AUTO_INCREMENT, AUTO_INCREMENT=17;

--
-- AUTO_INCREMENT for table `audit_trail`
--
ALTER TABLE `audit_trail`
  MODIFY `id` int(20) NOT NULL AUTO_INCREMENT, AUTO_INCREMENT=637;

--
-- AUTO_INCREMENT for table `child_report`
--
ALTER TABLE `child_report`
  MODIFY `id` int(20) NOT NULL AUTO_INCREMENT, AUTO_INCREMENT=27;

--
-- AUTO_INCREMENT for table `city_municipality`
--
ALTER TABLE `city_municipality`
  MODIFY `id` int(20) NOT NULL AUTO_INCREMENT, AUTO_INCREMENT=1635;

--
-- AUTO_INCREMENT for table `company_info`
--
ALTER TABLE `company_info`
  MODIFY `compid` int(11) NOT NULL AUTO_INCREMENT, AUTO_INCREMENT=2;

--
-- AUTO_INCREMENT for table `medical_records`
--
ALTER TABLE `medical_records`
  MODIFY `medical_records_id` int(20) NOT NULL AUTO_INCREMENT, AUTO_INCREMENT=6;

--
-- AUTO_INCREMENT for table `patient`
--
ALTER TABLE `patient`
  MODIFY `id` int(11) NOT NULL AUTO_INCREMENT, AUTO_INCREMENT=16;

--
-- AUTO_INCREMENT for table `products`
--
ALTER TABLE `products`
  MODIFY `product_id` int(20) NOT NULL AUTO_INCREMENT, AUTO_INCREMENT=7;

--
-- AUTO_INCREMENT for table `product_category`
--
ALTER TABLE `product_category`
  MODIFY `id` int(20) NOT NULL AUTO_INCREMENT, AUTO_INCREMENT=12;

--
-- AUTO_INCREMENT for table `province`
--
ALTER TABLE `province`
  MODIFY `id` int(20) NOT NULL AUTO_INCREMENT, AUTO_INCREMENT=82;

--
-- AUTO_INCREMENT for table `service`
--
ALTER TABLE `service`
  MODIFY `service_id` int(20) NOT NULL AUTO_INCREMENT, AUTO_INCREMENT=12;

--
-- AUTO_INCREMENT for table `users`
--
ALTER TABLE `users`
  MODIFY `empid` int(20) NOT NULL AUTO_INCREMENT, AUTO_INCREMENT=31;

--
-- Constraints for dumped tables
--

--
-- Constraints for table `child_report`
--
ALTER TABLE `child_report`
  ADD CONSTRAINT `child_report_ibfk_1` FOREIGN KEY (`city`) REFERENCES `city_municipality` (`id`),
  ADD CONSTRAINT `child_report_ibfk_2` FOREIGN KEY (`province`) REFERENCES `province` (`id`);
COMMIT;

/*!40101 SET CHARACTER_SET_CLIENT=@OLD_CHARACTER_SET_CLIENT */;
/*!40101 SET CHARACTER_SET_RESULTS=@OLD_CHARACTER_SET_RESULTS */;
/*!40101 SET COLLATION_CONNECTION=@OLD_COLLATION_CONNECTION */;
